file_name,tempo,tempogram,spec_cent,spec_bw,spec_cont,spec_flat,tonnetz
000002.mp3,161.4990234375,"[[ 1.00000000e+00  1.00000000e+00  1.00000000e+00 ...  1.00000000e+00
   1.00000000e+00  1.00000000e+00]
 [ 6.93468216e-01  6.94873910e-01  6.96282321e-01 ...  9.03992286e-01
   9.05724690e-01  9.07442974e-01]
 [ 5.71979218e-01  5.73114867e-01  5.74253612e-01 ...  8.13335531e-01
   8.16649413e-01  8.19938824e-01]
 ...
 [-1.24864347e-17  3.88868597e-18  7.21026522e-17 ...  5.32074066e-12
   3.96773867e-12  1.95645166e-12]
 [ 1.26366475e-17 -5.07947976e-17  3.79322649e-17 ...  5.09802988e-13
   4.34247374e-13  1.70589279e-13]
 [-1.10781902e-17 -3.47842030e-17  5.23159142e-17 ...  6.40981283e-17
   4.46441508e-17 -3.47238233e-17]]","[[1908.78959764 2152.191256   2852.16189334 4873.31631222 5451.53879649
  5531.20944901 5410.80728838 5019.11897037 4402.72346323 3323.8179675
  3222.65131262 3571.4204974  3502.73219489 3345.33669959 3623.8152837
  4176.69458654 4406.13509519 4084.81944249 3223.32328628 2216.55143346
  2394.58301154 2820.43378958 2836.60847137 2790.58136467 3257.24670014
  3413.24524052 2949.9872541  1998.68362221 1989.75005168 2922.44407819
  2759.84715995 2463.14983632 2709.52516494 3272.74698356 4670.45659637
  5249.44905451 5266.17064022 5216.69299548 4492.15741222 3970.72194772
  3192.0341448  2169.05173376 2279.51187365 2586.87469429 3026.04418865
  3449.93342179 3626.82510123 3309.75934587 2708.5526597  2462.59161176
  2681.87295289 2991.97001887 4087.4822862  3845.79553976 3263.11625646
  3309.97003508 3685.14042419 4560.50558114 4962.82654545 4929.26814996
  4626.8026655  4387.2911912  4071.42098948 3214.76175649 3153.29278992
  3418.51858066 3712.69028696 3504.7720146  3671.78220293 4063.63254514
  3961.39398252 3870.16180318 4066.34977892 3893.72618476 3595.49562235
  3326.42272402 3260.73132086 3023.97887875 3069.55617419 3413.20353552
  3226.76356655 2683.43616343 2475.5051675  3120.23549986 3692.93111744
  3910.55538868 4060.44654113 4354.77306548 4550.4213878  4542.004243
  3651.72880978 3066.76949343 3557.8373237  3506.71144618 3287.7442783
  3453.18434732 4711.70961377 5106.66106073 4653.97742528 4315.49614609
  3597.90888611 2597.81372802 2585.32059583 2780.81520712 3633.61931772
  4478.70495329 4839.40264268 4558.204866   4386.10530612 4128.91740675
  3585.49741658 3234.94230592 3110.57918856 2882.352657   3651.50785198
  4094.91022033 3884.22503492 4033.89425573 4489.50092418 4746.28149494
  4509.37337386 3967.5574885  3949.75946558 4109.29412972 3560.37948755
  3179.99540051 3659.31310116 3121.27792171 2753.69252348 3269.75231841
  3746.63533714 3392.66433125 2866.39610605 2757.89938041 3099.979567
  3403.65638653 3756.6845853  3868.77478002 3679.0127164  3482.82025286
  3081.61500494 2742.32411196 2609.69393504 2318.73417973 1939.37535899
  2754.03648577 3673.69126257 3894.60201537 4157.57547631 4092.13004485
  4121.06321318 3985.55140203 3763.27497021 3421.59823448 3217.49795476
  2990.74144853 2619.52683332 2934.89320515 3327.07834596 3161.24809667
  2591.22666287 2841.69074095 3042.55300723 3688.7716383  4428.4447877
  4733.69766203 4657.71755765 3041.69516686 1844.28690735 2382.85950821
  3337.45532362 4022.94969448 4880.38559609 4213.69144118 2623.68191616
  2736.83890824 2703.70479399 2976.6256604  3879.13737155 4434.36944756
  4752.91357731 5545.50320012 5699.8218218  5885.22902609 6081.04613091
  5999.78551938 5017.2140548  3951.2280723  2976.40597646 2698.45308086
  3643.87483057 4894.79232684 5396.10165553 5419.60791746 5601.36629455
  6055.40587665 6257.40483176 6319.57647719 6337.56410717 5791.49016266
  4968.22234334 4726.1620947  4314.11217435 3564.6276067  3131.44094647
  3595.64709685 3556.30221024 3170.85128891 2775.69745977 2840.98996228
  3138.5705176  3340.43929837 3032.89012055 2583.99044196 2357.99609947
  2635.65654309 3217.94084677 3888.64128925 4110.87892491 3598.25196036
  2705.2256168  2416.12163721 2464.66269098 2689.7281347  3157.11772094
  3214.75239323 3451.71834469 4160.47488509 5039.64300853 6080.07673882
  6244.66925411 5771.9444183  4925.93467205 4091.46781214 3607.969004
  2975.87687946 2253.33998412 2692.86731658 2885.34524053 3503.98442959
  4319.37783436 4655.9144725  4367.06891043 4139.50172521 3918.86089782
  3333.11847114 2892.94196725 2788.18982257 3067.87612511 3286.81835628
  3570.19178423 4166.32302913 4421.1528991  4847.3337392  5007.08114392
  5138.74801168 5719.17508154 6148.40250099 6118.03342463 5470.80229227
  4423.01973297 4768.44181716 4974.81094442 4543.63966981 4251.45955146
  3767.30003636 3925.91034495 4456.69997038 4146.65048731 4063.73880539
  4478.10743884 5149.0254853  5089.71741195 4257.55512143 2979.89376776
  3260.93540234 3212.62529647 2790.38862851 2460.96871422 2447.04613584
  2649.33851276 2833.38391863 2880.98298304 2890.26229682 3605.96381404
  3449.53856291 4022.55888666 4728.02076663 4593.30804431 3987.94332452
  3492.34714277 3918.13451387 4248.49964515 4945.42822794 5538.96670532
  5477.41344781 5029.76632261 3819.2091803  2555.48765308 2303.110695
  2036.38603972 2034.21894746]]","[[1996.94252677 2057.33355944 2562.33967631 3003.13136399 2836.30890409
  2848.34632698 2817.212156   2778.64227224 2757.07617543 2469.5331807
  2154.98364822 2016.68261262 2117.53172927 2442.20095765 2714.65249365
  2719.70219209 2695.49265253 2742.19517534 2520.11197355 2657.12137591
  2823.81998082 2967.51522851 2895.23346842 2702.81726067 2706.2152608
  2755.50217941 2739.53254164 2314.98169348 2281.70893973 2903.80208222
  2841.09557741 2708.43123238 2795.91096845 3040.97704622 3130.6945038
  2960.59384912 3103.81144328 3149.0590071  3087.01107047 2904.57042155
  2794.69200776 2267.90591137 2259.83033799 2459.76423399 2693.18070452
  2838.73028635 2853.62333709 2840.00827068 2627.1463134  2502.23929433
  2606.03611881 2847.24824475 3063.21310933 3030.81847581 2803.59618702
  2874.6943935  3017.28683631 3033.61329088 3000.96314746 3046.41946788
  2967.05661131 3003.30135577 3097.43184152 2759.00948265 2697.1021036
  2961.660157   2929.05649968 2760.00093694 2778.06018961 2848.5555014
  2824.54354085 2659.52260012 2580.582431   2500.76723069 2353.18764722
  2349.39363124 2402.20973167 2416.966921   2785.22676054 2983.0866087
  2792.08217228 2643.06378697 2746.28749816 2909.10665894 2844.08967724
  2879.66634266 2880.26833848 2845.22263828 2778.01767782 2779.14755897
  2745.77181528 2529.24492325 2982.77856896 2964.19493886 2863.80405932
  2889.09997693 2702.25898631 2581.30693352 2969.04185787 3093.36768632
  3021.41430307 2672.22281179 2575.22928739 2581.49221196 2941.79235293
  3074.54692566 3200.60876647 3295.65858357 3202.47326856 3115.99439689
  3055.24699873 3149.44230056 3155.90853854 2894.8740168  2949.4839464
  2846.27609571 2828.56596821 2809.85887416 2853.39480645 2930.97145631
  2959.75656484 2930.09020908 2911.09751724 2857.29306789 2762.42516517
  2642.80616967 2964.68825388 2955.8014037  2753.44463595 2807.80678891
  2772.07356498 2668.76342708 2373.4782866  2153.03976059 2288.59491737
  2445.21783081 2497.42739601 2458.60930845 2511.92326406 2535.4800418
  2463.31184977 2469.98634871 2506.57429539 2445.12488132 2466.18154685
  2922.8226855  2902.28505533 2816.42559419 2691.96504033 2573.09067271
  2516.50893465 2577.57779723 2591.10973689 2308.35487617 2129.42029335
  2373.50498437 2621.45618294 2885.42459454 3011.24319873 2818.791597
  2685.30708826 2897.81821432 2791.20567198 2774.02264018 2804.41197536
  2867.24866172 2882.10730304 3060.9282878  2515.7566598  2900.05318569
  3426.34165071 3492.35886284 3263.59451459 3366.37807521 2813.45421459
  2557.96348141 2505.67982405 2494.54234401 2578.83307423 2419.46700341
  2543.73299305 2607.514023   2391.78729507 2298.22905539 2319.11309597
  2497.99855608 2799.71533597 2836.49807165 2536.86273828 2413.83827002
  2865.74759902 2868.8002342  2718.26829306 2566.71114749 2472.25133694
  2408.51947964 2419.77318917 2456.2117742  2457.41180922 2609.01704523
  2651.86297018 2809.06459877 2779.27877823 2662.8381217  2554.70331449
  2812.28903252 3045.34946015 3059.3617511  2903.60983407 2871.9594775
  3002.77588785 3020.2732538  2863.41633767 2579.56186484 2443.67195888
  2601.09285971 2818.59953633 2882.9770185  2839.05599239 2867.99371743
  2572.00541784 2768.41512366 2951.90141472 3123.15345805 3329.43905788
  3239.70481264 3007.18934491 2897.19274367 2950.77351679 2755.71669585
  2842.96856697 3064.93891611 3208.35222874 3011.67785535 2787.3269141
  2639.94150198 2474.17935102 2530.60566971 2581.97010949 2675.40300694
  2714.42083124 2811.19335275 2904.8407991  2829.62622144 2755.26967342
  2586.67780672 2429.55016846 2446.61477707 2566.94263535 2725.28988022
  2846.37497284 2770.48739331 2654.12771651 2500.08933014 2500.82059285
  2692.26256067 2600.6598995  2431.72439874 2478.99270393 2554.12232914
  2459.30873504 2656.10260212 2839.45163437 2806.90512726 2700.97286717
  2712.52793031 2748.89193801 2849.24188357 3249.63983522 3370.95441811
  3393.46821758 3333.86148537 3386.46248719 3361.71424649 2931.15866141
  2782.77693368 2744.14029746 2676.22604152 2516.115371   2550.60947694
  2684.92959632 2564.23485917 2471.24138175 2575.93189696 2846.61851902
  2901.28299571 3088.12689985 2987.24026636 2984.45376375 2911.05697193
  2573.78515199 2627.77203697 2806.54935695 3110.4232513  3116.66808152
  3088.66601249 3136.53988168 3158.56793873 2611.33750285 2355.08663637
  2269.30913821 2282.70361888]]","[[16.39098733 17.0918213  27.19564753 ... 12.49392667 16.17590782
  17.32837212]
 [ 6.62516658  9.95389778 15.97561692 ... 14.99285969  8.73362246
  10.04664912]
 [ 7.18169109  7.87264677 18.41314239 ... 15.0098732   6.82322835
   9.43614191]
 ...
 [19.13744694 20.78170764 14.63734244 ... 16.50302825 16.0546279
  15.93842142]
 [17.44099564 19.31752496 19.29504251 ... 17.31483034 15.47306716
  14.0727805 ]
 [45.89770145 48.49426979 53.41338482 ... 50.2326253  26.09399884
  18.81260114]]","[[0.00518358 0.0071876  0.0185955  0.05855767 0.05451567 0.0605131
  0.05458703 0.05433498 0.04400353 0.01722084 0.01273965 0.01112447
  0.01044972 0.01742338 0.01895484 0.0257885  0.02681415 0.02152435
  0.01800998 0.00619719 0.00594928 0.00827195 0.0073521  0.00736955
  0.01179416 0.01916274 0.01468095 0.00450862 0.00425547 0.01176575
  0.012433   0.00772289 0.00764757 0.01389801 0.02655095 0.03877911
  0.04131766 0.04329881 0.04302039 0.02786272 0.02051787 0.00650063
  0.00457894 0.00567595 0.01086375 0.01452012 0.01625564 0.01354942
  0.00801866 0.00685754 0.01328683 0.01876623 0.03224421 0.03391381
  0.01509024 0.01296113 0.01629465 0.03512095 0.03545307 0.02801456
  0.03653844 0.03221893 0.0287038  0.02855329 0.02699052 0.03592407
  0.04879329 0.02808443 0.02250448 0.01861959 0.01663838 0.02097545
  0.02864993 0.02269783 0.01531456 0.01183915 0.00971531 0.00915813
  0.01226597 0.01822488 0.01343483 0.00851376 0.00653697 0.01469317
  0.03925725 0.02844006 0.02647978 0.02651241 0.03371061 0.03465882
  0.02264375 0.01296294 0.01628969 0.01102626 0.01114677 0.01756248
  0.03840042 0.05235742 0.04037934 0.03715069 0.03753942 0.00842433
  0.00708124 0.00968079 0.01513206 0.02492661 0.02149354 0.02225299
  0.0194305  0.01549736 0.01277013 0.01276946 0.02151981 0.02031443
  0.038614   0.0335777  0.03412265 0.03078958 0.02838578 0.03800705
  0.02551216 0.02313942 0.02538071 0.02104406 0.02024257 0.03277538
  0.03017516 0.00699601 0.00500812 0.01585125 0.03313234 0.02520658
  0.01531027 0.01818847 0.01948937 0.01327631 0.01127225 0.01220303
  0.01119979 0.00869448 0.00513608 0.00264394 0.00254202 0.00598355
  0.00446018 0.0091896  0.03192174 0.03358258 0.03645113 0.05026099
  0.03832401 0.03535542 0.02695423 0.01433274 0.01050987 0.01242617
  0.00747122 0.00622068 0.00923407 0.01488283 0.01008017 0.01384334
  0.01933176 0.03548161 0.04914398 0.04467406 0.03321801 0.0125914
  0.00277774 0.00349379 0.00474269 0.0084929  0.0239746  0.01562615
  0.01439746 0.02192994 0.02292517 0.03071425 0.0483802  0.04135296
  0.05041713 0.05271456 0.04812483 0.04578835 0.03451621 0.05386466
  0.04522388 0.0249444  0.01515476 0.00838262 0.02462426 0.04863084
  0.04711991 0.04629214 0.04201344 0.05056257 0.0527017  0.05142707
  0.03851127 0.04986703 0.06408572 0.04364918 0.03839408 0.0340737
  0.0146896  0.0190258  0.01890695 0.00877714 0.00658835 0.00665381
  0.0105371  0.01362797 0.00730077 0.00514226 0.00719468 0.01136346
  0.02089027 0.03267658 0.03086982 0.02307426 0.01185293 0.01028435
  0.0065049  0.00464927 0.00629913 0.00935031 0.02272463 0.0460972
  0.06041456 0.03930873 0.03256329 0.04265447 0.04212621 0.02693327
  0.01430923 0.00803637 0.0056977  0.02003422 0.02727826 0.04065302
  0.04547225 0.03177398 0.02251916 0.01187987 0.01111486 0.01436806
  0.014892   0.01581294 0.01496284 0.02261286 0.02897204 0.03535559
  0.03438218 0.04246621 0.0521636  0.0650795  0.06004554 0.04189197
  0.04564082 0.05030162 0.04122272 0.06421278 0.05400634 0.03907489
  0.02520699 0.01704817 0.01589326 0.03369987 0.02737589 0.01682739
  0.01632724 0.01920365 0.01998485 0.02711106 0.01528414 0.02049329
  0.01530061 0.00810758 0.00548083 0.00485132 0.00749154 0.01604525
  0.01558919 0.01413367 0.02948534 0.01888533 0.02668    0.04504856
  0.05239682 0.03108168 0.02105304 0.02440513 0.03167662 0.03998232
  0.04349646 0.0416124  0.03509368 0.02060425 0.00813899 0.01238488
  0.01632592 0.01705707]]","[[-0.00079345 -0.0073198  -0.00473017 ...  0.01492446  0.01686653
   0.0153245 ]
 [ 0.05610353  0.10438744  0.12878472 ...  0.07625811  0.053105
   0.03596247]
 [-0.09777457 -0.05158233 -0.02086792 ...  0.02117143  0.03742084
   0.02417663]
 [ 0.04423646  0.0674081   0.11028246 ...  0.06726233  0.04946202
   0.02028285]
 [ 0.01990506  0.01660971  0.0174031  ...  0.02302008  0.01804663
   0.01020224]
 [ 0.02905747  0.04382531  0.04727201 ...  0.02335248  0.0135822
   0.01111746]]"
009152.mp3,135.99917763157896,"[[ 1.00000000e+00  1.00000000e+00  1.00000000e+00 ...  1.00000000e+00
   1.00000000e+00  1.00000000e+00]
 [ 5.34662103e-01  5.36218831e-01  5.37775932e-01 ...  6.14563866e-01
   6.14903306e-01  6.15257180e-01]
 [ 3.85226006e-01  3.86667646e-01  3.88109636e-01 ...  3.92511386e-01
   3.93028661e-01  3.93567957e-01]
 ...
 [ 3.62775860e-17 -5.63179723e-17  2.90806766e-17 ...  2.97902628e-12
   2.20596836e-12  8.67714973e-13]
 [-1.68528338e-17 -7.24375304e-17  1.11705003e-17 ...  2.55833520e-13
   2.71860223e-13  7.26107213e-14]
 [-8.33104671e-18 -9.90070928e-17 -1.00130605e-17 ...  1.32202942e-16
  -1.14792335e-16  1.36281660e-17]]","[[1267.56763556 1368.61599892 1455.86471854 1440.74238979 1503.67757225
  1448.43624872 1201.01406037 1154.56772851 1166.07877646 1338.17054407
  1413.47308326 1288.19391099 1135.5780623  1366.99181932 1699.48865749
  1679.44374609 1797.27904388 1828.49224958 1764.61014745 1751.68637463
  1881.48468538 1970.23672532 1831.70752219 1785.11709934 1939.29186891
  2066.28861614 2169.55239355 1984.74603785 1764.84129425 1968.18042798
  2329.99661234 2394.20551825 2209.74516695 1935.42343019 1800.30446632
  1869.84722721 1918.2599889  1969.38111961 1843.52236025 1804.28146613
  1894.01248344 1708.33975902 1392.63687836 1070.48165655 1468.33073852
  2126.77195209 2489.04326304 2362.94591382 1903.38087508 1552.16684003
  1337.2597725  1300.46469761 1535.43248162 1513.22664347 1460.20720049
  1315.55909761 1363.617414   1782.00798069 1600.39719273 1469.13179406
  1610.05326063 1775.77134694 2045.29638082 1903.53814384 1720.19378255
  1589.79426479 1554.6905772  1448.21313148 1154.80363228 1008.12868692
  1274.33374531 1529.2091643  1793.65409494 1836.17066778 1961.61172705
  1949.85821642 1719.75604777 1625.09707124 1752.15489539 1878.57140214
  1938.53927971 1770.59477201 1432.69890453 1713.42795394 2775.18420681
  3431.03133769 3337.02128865 2742.96351513 2498.51743246 1986.9023566
  1679.64519752 1635.32856735 1385.37220776 1531.00090224 1955.08235457
  2061.51314711 2019.73974501 2035.76010265 1722.71237219 1701.42293482
  1969.98017942 1988.66651501 1812.6304816  1714.49456365 1717.00975057
  1558.06036179 1503.98390734 1830.37281279 2324.65097756 2516.66666708
  1961.36447632 1897.26028632 2254.49026579 1946.20385031 1647.82779031
  1474.6536506  1354.96315925 1287.1561568  1361.73661042 1383.67496706
  1299.55953923 1242.89469504 1465.23364386 1617.83448591 1409.13091937
  1426.11597933 1553.77961852 1524.85069029 1618.47803104 1828.22001298
  2089.71509936 2459.54446331 2763.77377922 2659.26408626 2403.82339698
  2116.21227205 2230.52354284 2383.26275646 2294.69215784 1974.70214796
  1924.7194255  2278.70852718 2275.02023658 2042.44666526 2341.49258305
  2164.52445875 1829.58217957 1918.80827975 1998.90848353 1891.97069799
  2146.47694944 2219.06570968 1878.2033466  1488.41264191 1468.09124725
  1885.64806453 2142.82148663 2088.22904543 1986.91158584 2092.51957682
  1538.98089106 1044.61888713  825.89114791  855.0143478   871.26047431
   879.20350921  876.55669924  846.76079999 1393.68428349 1759.57902099
  1916.17363785 1807.23954749 1484.65360429 1448.66362828 1800.3949952
  1974.62467764 1713.18085604 1624.43609702 1716.29590484 1741.29598748
  1814.33455606 1856.81364535 1838.66975518 1784.37520646 1584.10193017
  1474.28244695 1203.78639908 1331.91034009 1895.79250496 2133.46193971
  2112.04327048 2183.96008344 1850.70603479 1547.93342911 1351.32507454
  1776.45499741 2040.29127919 1911.4523913  1875.67130932 1788.00873752
  1734.44395024 1676.76232797 1554.89020996 1893.77166027 2170.97923764
  2306.34367833 2254.52198132 2169.68688599 1977.60555137 1595.61878023
  1719.22100644 1659.61992338 1693.18944378 1955.29367418 1806.10427355
  1867.70376526 2223.31688949 2232.30373608 1932.8017318  1560.06989367
  1498.98905414 1429.41365481 1433.07561893 1390.05834844 1870.9537131
  1572.11665019 1304.4910342  1291.12247219 1103.53110121 1107.84143705
  1527.40829971 1486.37142127 1416.51146788 1543.74698173 1536.83700775
  2167.21282517 2081.11066778 1721.21380189 1628.6400047  1247.48862634
   916.60784417  897.14488739 1342.83797506 1863.14374703 2074.95625925
  1704.32049216 1590.18599689 1667.58236453 1671.56960698 1683.79843383
  1708.26548506 1661.30178735 1611.2193377  1351.94106802 1207.73227343
  1162.31159407 1363.98101929 1633.20383173 1760.39299831 1408.13426749
  1083.07426217 1021.76740739 1111.17755187 1035.69294875 1463.33420945
  1624.36412428 1631.34031128 1673.5696497  1408.30740985 1138.16920201
  1040.93677973 1184.77681764 1357.91705152 1445.68509183 1382.23009216
  2032.35320818 2097.08425021 2007.1089323  2036.19664024 1938.84381237
  1715.6679852  1439.79810425 1398.2805299  2220.86794026 2148.57642973
  1682.11670974 1003.33442824  788.15647645 1185.91382539 1428.81188363
  1144.72536418  870.42850579 1308.39074947 1606.16048164 1546.44138183
  1440.44721103 1663.92972526 1633.87460758 1553.75347994 1779.42412301
  1779.08587584 1602.80849101]]","[[1678.43447648 1789.37727838 1824.61986236 1776.03436819 1910.17218906
  1901.3047611  1707.52791299 1651.99751106 1648.59218686 1723.85945008
  1703.85918221 1611.50497197 1567.70425105 1722.61426971 1791.91893775
  1839.28265071 1913.04357542 1888.3980477  1838.49211165 1867.75451801
  2004.96387407 2041.09881121 1936.54115572 2025.44774532 2151.83444974
  2143.05883269 2150.21328561 2076.73109021 2053.86506599 2211.7335215
  2286.18832763 2269.32128507 2124.28628544 1927.83248747 1975.34918846
  2080.71421221 2164.43914092 2170.66524475 2088.65485914 2087.02572978
  2111.01679876 1997.59019659 1744.27363552 1480.18112946 1892.84124839
  2146.24196143 2291.27777155 2378.75234425 2146.38956544 1919.17701479
  1772.10448426 1635.89537234 1861.52519594 1896.91571587 1817.19560662
  1709.17830234 1898.65627842 2208.8188736  2092.85145692 1860.95250786
  1914.99769804 2067.51441021 2303.95873407 2269.80316166 2143.39473986
  2077.05805068 2069.68336649 1966.94143131 1733.34750944 1647.75959069
  1926.11067671 2113.90871897 2062.74104183 1823.01376074 1970.35307024
  2061.69669054 1962.58049078 1808.42878858 1774.38753872 1837.12654026
  1893.93113693 1832.70545967 1660.1259003  2093.20193199 2531.28655654
  2582.90823218 2493.45563115 2621.92743411 2781.38297454 2529.03023447
  2220.95213668 2187.56940674 1966.75134181 1967.72398141 2159.04621354
  2182.68228048 2240.21202783 2253.5543862  2050.61386313 1933.15559861
  2048.79237567 1997.13950308 1937.01741483 2036.60058454 2099.99562737
  1985.30178965 2033.54970188 2347.72269947 2611.80737279 2673.69489243
  2442.96123415 2362.49212121 2391.58929048 2133.01578743 1874.47927054
  1758.13161054 1798.72154529 1866.65672541 1982.35163088 1884.82512912
  1710.45150282 1668.28323846 1873.47900999 2041.75752963 1967.22638601
  1994.97315009 2052.24581048 1965.24514357 1992.97585472 2146.76406649
  2296.37616973 2548.14977269 2607.05587458 2468.43559555 2308.07742321
  2161.58761525 2356.1695081  2415.780941   2345.10438553 2129.42707433
  2064.0814675  2246.61467876 2357.62427665 2318.92258114 2456.567113
  2490.58027501 2207.10542324 2163.79312633 2252.77525549 2261.81200485
  2281.63815954 2213.12578168 2038.03037827 1756.27611759 1778.27309912
  2069.422413   2176.7688213  2087.29291483 2013.41380946 2129.35506686
  1900.93686042 1500.15171847 1171.61854932 1202.5979069  1210.08793012
  1275.14855295 1310.34512141 1298.56910227 1859.0672207  2107.10740353
  2223.0112085  2093.55590105 1885.05299392 1779.35098404 1964.05497166
  2105.02133753 2054.13832796 1946.99535113 2000.04918441 2101.13068464
  2041.44697071 1844.19470155 1838.3695029  1856.12367223 1909.14276013
  1925.86091821 1693.4525143  1788.17280656 2188.24210283 2358.36954483
  2313.82828639 2261.2862579  2069.52006749 1814.76809262 1510.63788235
  1978.31372486 2202.22058217 2248.01983367 2213.25980912 2134.12726864
  2052.14794399 1827.88598562 1817.69247017 2177.25623525 2304.90706967
  2339.80484693 2375.81674163 2305.1020962  2117.07588899 1945.80269217
  2148.64913097 2127.07680402 2196.6842834  2254.76229241 2105.50628052
  1925.67515558 2044.5654146  2142.90413268 2001.30107724 1680.19848432
  1614.0569164  1609.3260495  1629.5831446  1652.18421165 2156.34642469
  2028.28572623 1756.30586744 1687.86518657 1623.24217057 1646.86230486
  1850.67705865 1818.66813324 1609.6282773  1615.6127178  1828.8961523
  2502.7271535  2433.91012348 2052.08993286 1863.18868584 1635.84707919
  1388.25741016 1500.7320785  1929.49960548 2246.16519281 2269.63540611
  2017.5613693  1886.53428267 2169.63524241 2176.8218485  2096.09512074
  2049.45388716 1960.51539018 1900.1932183  1759.27356947 1685.06412818
  1669.92592815 1855.02410579 2036.89381109 2111.75131864 1827.32628722
  1545.36952671 1451.23326388 1486.31582239 1437.16646014 1764.08644333
  1858.21542485 1881.54641974 1897.26737564 1778.24359086 1633.72224749
  1538.6696636  1647.56157145 1759.27868018 1827.67439232 1916.9200832
  2350.65885816 2363.0162395  2268.04743158 2203.96057904 2133.53157141
  2052.62006654 1901.22134928 1846.77297887 2208.57705522 2250.50366863
  2203.79527595 1781.33621127 1362.99315135 1730.47836634 1788.10849959
  1652.76247019 1395.33964789 1714.30713292 1932.47635878 1895.06531728
  1793.83985842 1888.87932473 1953.31101064 2021.2528133  2147.86063379
  1862.71093842 1748.65799905]]","[[11.11253616  4.67845276 10.82620076 ... 18.65445395 14.60801275
  14.01271734]
 [ 7.80357635 10.68635029  9.99551844 ...  9.51352042 20.30826474
   7.21910457]
 [14.70573288 14.47138384 12.87610804 ... 16.93244755 11.47380171
  15.89312966]
 ...
 [15.88436471 16.71420377 15.83288299 ...  9.03383783 12.02401883
  13.3613773 ]
 [15.74552515 12.94508886 17.11722734 ... 19.10744892 21.30505845
  17.60379289]
 [46.41970839 46.64662087 47.88134612 ... 50.79430959 21.96854056
  15.55227625]]","[[0.00079953 0.00111753 0.00124573 0.00098411 0.00118956 0.00147911
  0.00094643 0.00102087 0.00130232 0.00178979 0.00105078 0.00077553
  0.00073711 0.00147597 0.00281359 0.00309475 0.00504493 0.00396844
  0.00343346 0.00358035 0.00455743 0.00477045 0.00513843 0.00610552
  0.00515929 0.00308363 0.00332357 0.00367407 0.00415579 0.00792925
  0.01209866 0.00953765 0.00563942 0.00356967 0.0047436  0.00587151
  0.00472746 0.00565271 0.00576503 0.00467266 0.00437441 0.00198454
  0.00125909 0.00067992 0.0024314  0.01022699 0.01139385 0.0092493
  0.00482809 0.00246902 0.0017877  0.00205131 0.00275062 0.00163157
  0.00143568 0.00104996 0.00216746 0.00407398 0.00146991 0.00086962
  0.00155031 0.00300467 0.0059773  0.00219411 0.00127555 0.00093935
  0.00078341 0.00068233 0.00050804 0.00059723 0.00175455 0.00292506
  0.00490217 0.00392163 0.00370454 0.00457449 0.00496692 0.003089
  0.00346648 0.00491372 0.00503711 0.00366342 0.00224718 0.00614122
  0.02840215 0.04150932 0.03323469 0.02094671 0.00831848 0.00339052
  0.00214826 0.00212137 0.00165643 0.00294806 0.00811299 0.00975811
  0.00783977 0.00807682 0.0041843  0.00399488 0.00347327 0.00252163
  0.00233561 0.00219561 0.00141521 0.00161801 0.00256598 0.004183
  0.00646016 0.00899587 0.00517556 0.00634289 0.01120694 0.00508528
  0.002992   0.00227676 0.00213682 0.00122441 0.00092041 0.00085312
  0.00088495 0.00106936 0.00236974 0.00261837 0.00204013 0.00266071
  0.00298214 0.00274292 0.00265302 0.00467448 0.00973931 0.01656405
  0.01911718 0.01591152 0.01166123 0.00856812 0.01346007 0.01595249
  0.01354393 0.00766986 0.00853515 0.01324118 0.01275955 0.00724455
  0.0123636  0.00647044 0.00408723 0.00541571 0.00781873 0.00740711
  0.01165863 0.01176314 0.00555471 0.0024209  0.00306563 0.00771356
  0.00988054 0.00679444 0.00694437 0.01126447 0.00349048 0.00063915
  0.00020244 0.00022056 0.00032305 0.00038731 0.00033643 0.00037726
  0.00263629 0.00484225 0.00475857 0.00437137 0.00270489 0.00303409
  0.00474874 0.00532822 0.00475398 0.00361915 0.00355966 0.00365529
  0.00421214 0.00453148 0.00389377 0.00322064 0.00290183 0.00299165
  0.00151826 0.00223489 0.00747605 0.00894885 0.00648255 0.00630117
  0.00415487 0.00225442 0.00135017 0.00528302 0.00938848 0.00696795
  0.0054645  0.00381662 0.00407374 0.00292188 0.0029054  0.00811381
  0.01168847 0.01188768 0.01091194 0.00873687 0.00644156 0.00401646
  0.00576815 0.00443739 0.0037691  0.00523333 0.00467239 0.00608215
  0.01172759 0.0132106  0.00700228 0.00347843 0.002447   0.00253387
  0.00245423 0.00279293 0.00597226 0.00285934 0.00121663 0.00095194
  0.00061146 0.00071209 0.00207017 0.00185548 0.00134031 0.00099383
  0.00221243 0.00931832 0.00669507 0.00286031 0.00202153 0.00094517
  0.00032238 0.00053234 0.00207955 0.00440885 0.00521303 0.00269988
  0.00202451 0.00371152 0.00248158 0.00198471 0.00234132 0.00435756
  0.00388261 0.00150414 0.00075229 0.00070663 0.00198209 0.00430883
  0.00511726 0.00261136 0.0009676  0.00063181 0.00095532 0.00087607
  0.00287696 0.00354174 0.00315948 0.00282789 0.00145436 0.00072946
  0.00081395 0.00111953 0.00230531 0.00315319 0.00251936 0.00807853
  0.00846935 0.00695746 0.00789583 0.00490509 0.00391459 0.0020957
  0.00213128 0.01089176 0.00861166 0.003483   0.00072051 0.0002653
  0.00097614 0.00255585 0.00081924 0.00035028 0.00136597 0.00316784
  0.00297532 0.00248726 0.00449592 0.00399663 0.00201453 0.00357845
  0.01039876 0.00914226]]","[[-0.03249257 -0.05266618 -0.08192175 ... -0.03057281 -0.02080323
  -0.02661867]
 [ 0.05356665  0.05485008  0.06100649 ...  0.03621283  0.03705304
   0.04543965]
 [ 0.04165174  0.1011383   0.07568922 ... -0.00431859  0.04032616
   0.03931271]
 [-0.00157655 -0.02292185 -0.03518004 ...  0.08083408  0.0474868
   0.03875254]
 [-0.02487296 -0.00016276 -0.00264053 ...  0.0014186  -0.00477882
   0.00112986]
 [ 0.02638188  0.01955533  0.03872385 ...  0.00274139  0.00024661
   0.00311878]]"
027194.mp3,103.359375,"[[ 1.00000000e+00  1.00000000e+00  1.00000000e+00 ...  1.00000000e+00
   1.00000000e+00  1.00000000e+00]
 [ 7.32304834e-01  7.32663231e-01  7.33020290e-01 ...  8.60478373e-01
   8.62049646e-01  8.63621313e-01]
 [ 4.74841411e-01  4.75001302e-01  4.75160041e-01 ...  7.31484931e-01
   7.34699610e-01  7.37910116e-01]
 ...
 [-4.55911756e-18 -3.55352006e-17  7.31835693e-17 ...  4.39712264e-12
   1.60397519e-12  1.25416382e-12]
 [ 8.40672817e-19 -7.42659662e-17  2.78034561e-17 ...  6.40983476e-13
   1.63598390e-13  7.78516671e-14]
 [ 6.86257567e-18 -6.11069114e-17  9.39330465e-17 ...  6.96005467e-17
   1.02474992e-17 -1.11220186e-16]]","[[1689.62867517 1848.92943589 1985.95691695 2030.84408448 2364.86858252
  2722.40769132 2582.49331106 2457.14416619 2205.33152379 2223.26469943
  2520.06319077 2247.67838136 2159.14888619 2160.44210412 2068.17276702
  2028.72469392 2078.18719197 2438.92407837 2151.38089894 2064.81859607
  2324.93789959 2298.62647291 2113.48243998 1787.65146067 1573.24258666
  1582.10163252 1654.07176194 1678.13375712 1666.9736541  1778.3619658
  2333.28908982 2528.51631955 2608.35527506 2679.5222133  2571.86347116
  2531.78767201 2412.30368606 2085.10596272 2124.97037385 2164.08362078
  2183.93347743 2115.24848267 2249.39188561 2687.60866103 2607.09616598
  2435.97921524 2404.90823111 2433.87030034 2179.61171463 2047.56965909
  2140.56154677 2172.07475334 2194.21153279 2108.7459029  2248.47839579
  2516.67695887 2278.55896652 2120.3763751  2071.10255539 2063.57698881
  2386.83461141 2256.89424718 2067.06457978 1990.23564043 1948.72206908
  1904.01694737 1667.74463855 2042.39643033 2269.19171062 2309.19848062
  2465.19151547 2464.1829242  2348.40152253 2166.49332989 2109.07474278
  2163.93854741 2166.33782235 2154.40951329 2050.06022903 1982.37345272
  2266.92885604 2129.31385581 2090.47365059 2096.11933607 1988.5527341
  1958.40451353 2055.47764242 2056.5684519  2022.43674602 1937.22802914
  1873.22380294 1839.52957337 1871.36404961 2517.50623634 2689.74855319
  2826.45981951 2772.02681575 2663.49665089 2420.85635881 2190.37715478
  2157.975016   2171.08950205 2097.83938766 2015.93828716 1891.60856294
  2369.50808742 2617.61111102 2469.69917425 2282.74141242 2176.64693581
  2273.38868363 2308.75000414 2297.40568711 2367.48047115 2265.42117692
  2215.34310941 2112.98356628 2228.74078418 2319.99996099 2311.05743137
  2419.31321524 2459.67779624 2563.70482614 2591.8453002  2392.66242304
  2187.05993093 2114.46622129 2283.53691847 2261.70119086 2223.33443302
  2273.77876218 2449.8495753  2576.5016489  2523.01158075 2444.15977765
  2464.76715959 2557.32735098 2481.46845769 2368.18254608 2444.28747361
  2322.26540695 2429.70155427 2388.16231186 2673.07892017 2679.89387612
  2804.58949135 2997.60604377 2971.94285342 2494.32024557 2322.43069852
  2468.18205535 2540.26053132 2519.53975868 2531.89476653 2477.55204927
  2579.66289253 2389.06148257 2318.96938614 2342.5734042  2371.81709752
  2341.68513453 2414.4112239  2608.3846098  2462.77134194 2292.98567121
  2270.95433191 2214.20773133 1961.32423202 1953.71278025 2113.44451647
  2350.15704609 2354.24843159 2344.7176997  2368.90895768 2298.53572613
  2310.04431413 2254.69645678 2251.99492253 2367.26610971 2457.75896339
  2453.19080723 2507.58400507 2490.97674823 2737.75548066 2915.80483788
  2862.82176271 2965.37683877 2735.28815143 2492.63378426 2479.8151654
  2430.62660726 2410.36883088 2496.56784465 2543.8774018  2385.77304147
  2370.32304134 2431.89124666 2422.12815105 2436.29575353 2139.23014063
  1949.07937421 1936.57452119 2175.15223605 2085.4055792  1894.01955485
  2424.86077792 3057.56069809 2891.89469523 2454.12839054 2343.38897386
  2287.38909431 2283.0426918  2500.3790633  2409.63467987 2326.74236541
  2257.93802206 2108.7941063  1906.82498387 2236.61045378 2305.20362602
  2333.25341194 2475.53897357 2572.51306714 2745.75559342 2660.03989358
  2367.54853012 2157.27405584 2165.89620478 2187.93006913 2218.01079804
  2246.36343303 2704.43854155 2945.13492757 2904.39063921 2967.33055852
  2958.69115808 2786.55615367 2706.94684172 2444.09029542 2298.40293241
  1959.94591885 2133.19759458 2303.35730195 2546.23548272 2674.05147627
  2564.99782933 2445.74200541 2776.43318082 2582.91738467 2346.57461385
  2473.47075535 2780.11283508 2657.85588273 2260.39885853 2034.05722811
  2182.49083136 2332.04092915 2375.7006628  2220.3456886  2098.24796773
  2150.94209785 2288.90794893 2533.64900363 2305.52235831 2215.5039309
  2277.70983319 2142.49033942 2020.9364949  2157.69088969 2150.06926536
  2088.49841246 2070.57782422 2035.1517716  2056.71745554 2112.69837081
  2045.83388286 1915.71187216 1872.53174574 1960.32481804 2014.07911949
  1980.27175527 2323.95779116 2244.3825415  2269.09810305 2306.80482709
  2090.48375958 2087.18791037 2053.49644422 2021.94853743 1997.46856657
  1969.6652846  1973.32064625 2045.23224937 2633.93748532 3131.00414876
  2984.49452838 2649.06398273 2464.52325181 2563.41771319 2190.79509728
  2108.09487845 2034.81285744]]","[[2044.11038813 2233.13539062 2358.80317757 2275.18142495 2500.80678905
  2745.61985189 2748.4008167  2724.45658515 2529.03488694 2463.66201254
  2603.54695673 2490.64597036 2410.88246799 2395.08579453 2357.80075255
  2299.63853306 2284.21448597 2538.05159687 2428.06834367 2438.27451755
  2671.56850442 2668.36933466 2512.6781467  2222.64019928 2005.88586527
  2019.80861093 2078.50787133 2103.04636874 2110.89063154 2215.60187394
  2640.88210619 2878.38333999 2901.36546668 2800.64234184 2730.16913249
  2682.6871093  2605.85441074 2343.0591231  2236.18210913 2253.83743645
  2361.18714285 2146.48654424 2354.97690174 2611.39455786 2533.3731942
  2460.39488153 2463.84449557 2548.06776649 2349.44389686 2196.47772254
  2249.03144163 2263.34543046 2284.35017029 2292.70194101 2537.50638038
  2668.83684549 2517.07304071 2331.98529293 2284.08497272 2241.83707368
  2410.66302741 2340.14898668 2218.81134904 2212.41751791 2140.1922309
  2039.01587942 1886.89350459 2348.30829212 2392.1735722  2357.92141035
  2524.73625861 2626.09065535 2594.96919342 2449.60106254 2363.39966589
  2404.4574956  2407.75470111 2351.89053821 2272.47899449 2323.23985757
  2557.91077031 2577.17931417 2521.76488805 2460.10802518 2389.90914401
  2364.95352817 2303.43751014 2312.06594553 2311.37637054 2259.87640152
  2183.15533634 2142.61558134 2124.74920116 2533.00269661 2581.13237753
  2736.73422913 2739.5033089  2627.81325588 2410.35288163 2322.16447608
  2357.29568178 2392.12668129 2376.25440395 2425.35714102 2340.51921681
  2515.96659181 2652.57883331 2557.77232243 2418.49481423 2310.97739285
  2326.75265227 2252.37616967 2356.86930677 2388.99923289 2264.48955493
  2241.66759712 2265.3986649  2338.09198826 2356.15252628 2394.20661746
  2529.96019697 2668.91213262 2811.90106454 2742.45795655 2598.43927353
  2464.84513165 2414.97142871 2556.7267164  2540.64161572 2355.0420725
  2436.39491432 2639.49479391 2659.83816516 2563.57669933 2519.96612162
  2598.35007431 2541.01385408 2441.60333202 2350.73196774 2328.42888131
  2304.63374399 2309.49644925 2301.24733581 2447.30092404 2410.66319123
  2478.31970485 2593.42594562 2581.8321695  2348.43909221 2279.19760776
  2395.61909268 2446.78091386 2438.96713399 2426.87864242 2378.23750377
  2460.11518937 2422.40933801 2294.03197203 2223.6819674  2226.92345874
  2222.83801519 2303.43023878 2423.78817383 2328.62964911 2163.66433558
  2083.6311019  2064.91806787 2017.64221239 2052.7848764  2197.81900584
  2441.53852191 2476.42051365 2446.91517281 2418.4445785  2357.7882052
  2404.47848218 2450.31424856 2468.34068262 2424.43346166 2382.23901264
  2388.18581364 2521.14327782 2594.63041895 2655.68624462 2578.53493426
  2494.98649395 2450.42930487 2330.05519915 2325.99290796 2363.97394982
  2305.9091377  2273.57344601 2402.76937004 2602.53921827 2482.63109394
  2396.37213847 2465.40508289 2506.07230991 2476.26997508 2299.9477178
  2162.46311599 2181.93711858 2378.09937811 2349.77357744 2233.35390413
  2677.91626355 2990.17293107 2921.42436906 2656.17447787 2586.5065884
  2519.22130383 2518.07538358 2658.5310989  2575.81263843 2467.68239992
  2394.99690086 2344.40898187 2244.58269156 2463.2706865  2427.56943992
  2406.40616776 2580.92802107 2749.2521031  2869.27968671 2812.09038851
  2647.6970577  2493.15881921 2540.72834863 2589.26624937 2605.70121607
  2635.29304375 2893.06893984 3065.53356482 3110.19590636 3002.45726449
  2878.63621502 2788.30988026 2716.45417525 2516.14263622 2383.67621677
  2107.248053   2131.7438787  2207.99340681 2580.4184397  2588.02667232
  2540.41464408 2558.35425662 2655.25879841 2564.94283815 2455.0974027
  2463.63274157 2577.61899767 2513.93211184 2298.60828627 2228.67264273
  2325.92043514 2514.0523068  2520.54798515 2398.54438416 2277.96671545
  2261.79872303 2334.08678085 2469.47878163 2411.39409945 2327.56129196
  2273.04493466 2165.81363033 2119.21503795 2242.51235525 2295.26282643
  2289.90874886 2350.15126759 2403.36756108 2370.67506794 2349.86756318
  2308.668441   2229.21062607 2191.8280841  2217.42379252 2311.71422401
  2263.51593128 2525.896243   2610.22666598 2608.74786582 2509.14460282
  2333.01070099 2269.22677186 2207.82098299 2170.63169831 2175.04327196
  2145.12323199 2155.17154174 2192.29866952 2578.83908429 2876.71065195
  2864.48823949 2702.18821033 2608.31335627 2589.70711928 2382.66358221
  2337.97192597 2328.71458184]]","[[ 9.97090052 13.76002012 24.40693642 ... 17.34257237 28.26328911
  19.66639867]
 [12.72882581 16.52935429 14.94887273 ... 12.28823102 17.6381739
  13.99808777]
 [16.33438356 29.30575258 15.13478574 ... 10.20498117 10.85143501
  11.54594571]
 ...
 [20.11201601 16.02066376 17.49808085 ... 16.87223889 14.6791077
  13.61002729]
 [14.03543072 15.80959835 15.10339458 ... 18.91743212 12.9645085
  13.15944385]
 [22.43564681 27.28248682 54.50098656 ... 52.67712228 25.16699905
  17.12813171]]","[[0.00755907 0.00604967 0.00342298 0.00397678 0.00575355 0.00815065
  0.00653361 0.00494328 0.00389385 0.00492639 0.0073511  0.00410451
  0.00249983 0.00266068 0.00223095 0.00201896 0.00464206 0.01214811
  0.00766255 0.00429765 0.0040265  0.00316421 0.00186912 0.00113294
  0.0008479  0.0009631  0.00098334 0.00104594 0.00117108 0.00192832
  0.0069999  0.005622   0.00568684 0.00766031 0.00528883 0.00668806
  0.00996788 0.00755758 0.00723429 0.00818747 0.00622198 0.00674295
  0.01174722 0.0146862  0.01051488 0.00711094 0.0063239  0.00680602
  0.00970748 0.00792954 0.00693345 0.00621419 0.00566331 0.00514544
  0.00889236 0.01145934 0.00565575 0.0031871  0.00301633 0.00382003
  0.0074274  0.00508393 0.00311226 0.00270221 0.00274044 0.00235648
  0.00306589 0.00786191 0.01127596 0.00828117 0.00634547 0.00469016
  0.00355827 0.00296879 0.00287245 0.00246726 0.00178645 0.00165344
  0.00175732 0.00285416 0.00774776 0.00376745 0.00294503 0.00316369
  0.00286471 0.00248468 0.0023443  0.0020355  0.00181458 0.0015431
  0.00144659 0.00171273 0.00384634 0.01220624 0.01212867 0.01067641
  0.01008993 0.00894178 0.00871353 0.00914911 0.00719159 0.00473455
  0.00347722 0.00231761 0.00286517 0.00709169 0.00669443 0.00476195
  0.00422847 0.00440309 0.00565299 0.00690604 0.00545073 0.0041468
  0.00319247 0.00371524 0.004444   0.01022716 0.01293915 0.00939752
  0.00678198 0.0048824  0.00374727 0.00298369 0.00263857 0.00250752
  0.00188499 0.00133837 0.00149875 0.00274309 0.00676846 0.0078417
  0.00707117 0.00745814 0.00628331 0.00674679 0.00629722 0.00603645
  0.0054254  0.00538305 0.00496653 0.00510227 0.01178911 0.01791022
  0.01135251 0.01001939 0.01299929 0.01427667 0.0083377  0.00927236
  0.01204351 0.01195833 0.01068366 0.01029688 0.01097246 0.01392014
  0.01030814 0.00759539 0.00676227 0.00621792 0.00525052 0.00774127
  0.00995434 0.0077945  0.00601828 0.00562643 0.00654967 0.00615505
  0.00604315 0.00671874 0.00775729 0.00562756 0.0036735  0.00318737
  0.00269946 0.00238568 0.00196444 0.00147226 0.00150675 0.00322625
  0.00981271 0.01011287 0.00605075 0.00672919 0.00936126 0.01033153
  0.01188042 0.01286076 0.01025885 0.00718544 0.00604589 0.00801098
  0.01478682 0.01526042 0.00766936 0.0050492  0.00366684 0.00189142
  0.00183086 0.00263583 0.00340556 0.00430488 0.00481544 0.00410379
  0.00364898 0.00909174 0.0141881  0.01176321 0.00681926 0.00412996
  0.00473235 0.00498655 0.00623846 0.00718543 0.0050306  0.0040763
  0.00295455 0.00363196 0.00961196 0.01050493 0.0085679  0.00700768
  0.00424979 0.00303561 0.00226476 0.00259884 0.00241141 0.00162031
  0.00118123 0.00132373 0.00231155 0.00840911 0.00677474 0.00527974
  0.00913072 0.00798135 0.00725944 0.00903576 0.008809   0.00808157
  0.00266991 0.00224109 0.00342676 0.01214696 0.01881408 0.01003416
  0.00530093 0.00727361 0.0095402  0.00831969 0.01387195 0.0146841
  0.01035114 0.00745285 0.00508572 0.00686273 0.00952005 0.00756514
  0.00319819 0.00280821 0.00388203 0.00592343 0.00713639 0.0054295
  0.00424316 0.00517749 0.00548132 0.00577886 0.00919683 0.00934224
  0.0062333  0.00445023 0.0030235  0.00317541 0.00252203 0.00188502
  0.00196023 0.00177404 0.00218718 0.00208239 0.00424142 0.00986096
  0.00580433 0.00451222 0.0040274  0.00234263 0.002123   0.00273189
  0.00336826 0.00301994 0.0026098  0.00224123 0.00423066 0.01652951
  0.02248255 0.01233818 0.00759881 0.00546441 0.00651737 0.00630328
  0.01146991 0.0169296 ]]","[[-0.03530185 -0.07833339 -0.07141115 ...  0.00503378  0.00194767
  -0.01708581]
 [-0.00611985  0.00089025 -0.01116626 ...  0.01426896  0.05581147
   0.03745166]
 [-0.09417899 -0.11390598 -0.10691165 ... -0.05683639 -0.07143515
  -0.05035075]
 [ 0.04797619  0.03533184  0.04637454 ...  0.05221028 -0.00802349
  -0.01981085]
 [-0.02937473 -0.05005345 -0.04726384 ...  0.00867625 -0.00603881
  -0.01061316]
 [ 0.01427547 -0.00668878  0.00391494 ...  0.0024341  -0.00949906
  -0.01331875]]"
001039.mp3,129.19921875,"[[ 1.00000000e+00  1.00000000e+00  1.00000000e+00 ...  1.00000000e+00
   1.00000000e+00  1.00000000e+00]
 [ 4.40764253e-01  4.42498384e-01  4.44245926e-01 ...  8.57959048e-01
   8.58886727e-01  8.59820669e-01]
 [ 2.29832141e-01  2.31610517e-01  2.33404008e-01 ...  6.97870255e-01
   6.99603561e-01  7.01353324e-01]
 ...
 [-1.84225927e-17 -7.58955307e-19  1.18767063e-17 ...  2.17386035e-12
   3.30925150e-12  2.38382997e-12]
 [-2.05535913e-17  1.12759074e-18  4.38281357e-19 ...  1.75668412e-13
   2.08200815e-13  2.60259027e-13]
 [ 8.10943183e-18  3.42614110e-18 -1.40250034e-17 ... -6.75873119e-18
   4.11910321e-17  1.19898512e-16]]","[[1904.04825702 2252.41661138 2499.86200356 2613.01350857 2561.28745672
  2483.21124588 2271.28831327 2347.78147631 2500.37399779 2580.8915888
  2477.86062285 2429.28279867 2326.66315864 2354.23638796 2294.78147929
  2393.47152606 2516.37191696 2468.68584014 2431.57634182 2138.03299963
  1957.65311674 1797.91528142 1842.6455175  1774.19164877 1903.14312369
  1862.88065308 1788.3966971  1745.42859703 1922.11038774 2179.56628942
  2402.63711436 2793.80164757 2954.70776935 2993.43671753 2876.09238803
  2496.11228539 2211.85626513 2203.11771594 2226.73727855 2480.45419543
  2552.35315185 2338.40727572 2180.32609491 2412.84682624 2658.8578908
  2673.40743569 2623.49666798 2523.25536048 2510.9755827  2421.97863005
  2175.27589011 2053.48305751 2144.22570256 2237.59470021 2339.02913265
  2219.07201304 2221.99440162 2104.36438579 2023.28082172 2190.36952703
  2335.74408553 2363.67922229 2276.28276309 2077.34810399 2161.0093923
  2462.91427051 2355.57575275 2066.99899392 2049.56700838 2021.10384147
  2180.42384379 2184.37476014 2087.18247733 2116.23580473 2102.86013892
  1950.10449421 1903.6390295  2061.43173507 2445.47629183 2654.41116299
  2819.17054056 2819.03611822 2879.31819739 2722.11247824 2332.19780321
  2175.36770356 2389.02186944 2374.14681149 2402.42321162 2337.68445732
  2215.37513739 2224.27154332 2275.87611374 2274.04642144 2304.42586305
  2302.74001841 2229.15799589 2241.74066173 2414.13430415 2459.58877618
  2388.82410461 2318.72566616 2370.68948779 2314.31073674 2287.26122616
  2098.13482428 1998.65465566 2009.71736147 2127.75344629 2058.72738842
  2087.24568407 2120.30035085 1855.95237456 1711.84016607 1728.27528002
  1876.17371614 1917.20444989 1933.38539899 1861.97250824 1691.10486148
  1622.41966637 1770.20566369 1887.00232959 1820.00211279 2150.46950673
  2188.27913462 1724.41210397 1585.26371649 1694.89670878 1785.97748574
  1913.56245473 1927.45920303 1773.7100241  1695.73086945 1854.79839898
  2065.73013169 1768.16628015 1640.10530943 1822.89852652 2123.56447902
  2514.9758524  2824.27743439 2861.04464284 2937.6315348  2690.50457412
  2304.47710107 2195.9785001  2339.07137568 2313.13484598 2280.81102259
  2176.25269428 2167.57265427 2344.27833065 2622.54249064 2709.77785143
  2734.89652544 2852.15137353 2809.29633754 2629.06502006 2245.01651543
  2116.22891086 2261.77428437 2324.03789107 2371.45083413 2326.76861431
  2215.23519321 2147.9608486  2298.62311053 2545.62541429 2562.02288324
  2632.86282257 2627.04978471 2286.99442606 2329.22917723 2552.80400851
  2568.0084671  2376.70739589 2389.87752367 2359.90030373 2328.26190167
  2223.85552848 2418.99467354 2536.02371153 2533.66795198 2488.13485366
  2286.88012029 2230.14951611 2344.16331484 2377.54974198 2334.63795
  2309.30731414 2316.61991758 2222.13663471 2379.86673767 2486.3286177
  2570.64258635 2572.51639804 2535.67336346 2593.48893716 2397.2579924
  2316.30665158 2117.37364448 2184.72634879 2229.88606542 2022.02866269
  2261.54434974 2298.07865799 1999.66797406 1933.1032116  2034.31346729
  1948.1351502  2002.59992564 2093.3696465  1996.46884963 1789.12287294
  1722.31821029 1698.56606751 1798.49443937 1773.70171278 1921.94202911
  1986.15178384 2207.38039343 2398.86621845 2546.14704733 2590.89027862
  2434.2139504  2269.60853512 2354.98316083 2424.03352881 2348.35497052
  2140.77749851 2124.14052787 2105.40143607 2147.85562823 2343.63409739
  2623.63602945 2575.74867321 2511.07466446 2376.0993718  2269.82937836
  2524.91594268 2846.87352918 2587.16057733 2276.28044109 2060.43142717
  2134.33758446 2259.85868255 2555.51408856 2901.19691995 2888.37826158
  2814.37367054 2761.23050811 2684.27107845 2386.35898896 2198.07180597
  2213.19212853 2173.40099712 2307.05540303 2287.72912956 2083.76647919
  2177.39809666 2540.06896484 2647.55848608 2635.73499138 2700.99178717
  2639.87315936 2249.39215677 2207.22013352 2262.10474531 2065.3562201
  2109.26270814 2267.91664752 2205.05250421 2145.02605616 2132.5709393
  2403.41715326 2781.87447759 2865.7693007  2769.18414683 2554.72581204
  2315.53835257 2148.12875061 2390.43727398 2646.03444188 2489.25472279
  2356.88650304 2418.9064923  2338.98044182 2438.54697352 2724.20978254
  2771.62848471 2858.68377176 2728.09762638 2369.00903776 2089.19976622
  2210.32499516 2417.72103132 2518.78876478 2535.33238923 2428.91314822
  2220.6223592  2195.16403248]]","[[2280.01387234 2480.05652582 2633.5379575  2689.18288945 2601.68309001
  2462.05209285 2359.10667428 2370.8314336  2529.79770951 2561.90700875
  2501.40062771 2499.40826129 2459.66257397 2366.00369757 2261.25730572
  2421.99818117 2584.3300842  2595.70325521 2534.12614214 2351.43260034
  2146.76925723 2049.49787676 2020.50426229 1963.6199048  1953.516771
  1931.87160609 1889.32815937 1823.02958907 2058.47608325 2389.46353658
  2530.44843513 2611.13125737 2569.42973554 2586.81926792 2527.95401279
  2388.18308455 2326.30897129 2345.33512012 2305.59304232 2289.44020141
  2207.28479292 2164.17295489 2269.40542478 2453.70844342 2568.95567218
  2607.74069068 2579.03093675 2494.56508685 2332.27501692 2325.2625873
  2289.87429502 2225.06289201 2178.72765655 2192.48433553 2198.13806044
  2112.31349709 2102.6875756  2202.48126868 2329.62402408 2355.70805797
  2376.2862125  2320.43898813 2222.67457351 2228.7193186  2352.31085544
  2446.6833367  2331.59694174 2146.74457051 2081.63097496 2066.14124617
  2184.25414557 2295.67452683 2288.43302129 2210.46609499 2160.53592415
  2129.43159682 2086.71618824 2251.77146358 2443.22014716 2538.36533192
  2578.48041564 2529.71214567 2456.97174459 2418.71662645 2370.61339676
  2373.40922767 2386.08557239 2296.4340098  2238.09752641 2180.28873588
  2163.5445652  2311.3785813  2328.04558279 2272.86022478 2198.46404544
  2109.15593482 2048.05711025 2134.0153611  2337.14667648 2459.67674688
  2423.24661698 2334.13178705 2319.0643881  2299.95996816 2313.44685542
  2325.83338029 2229.18702138 2189.51351249 2323.88203116 2240.2162684
  2184.9060661  2244.97325335 2050.79354694 1927.88426608 1952.18864792
  1961.00754701 1885.865615   1899.54576898 1997.03674323 1947.28430322
  1865.38979595 1952.27503283 2060.28102098 1934.76654487 2083.23635816
  2199.24545893 2065.98889984 1890.70777012 1839.07104088 1879.51314905
  1948.54762436 1967.69167842 1941.51266676 1865.03995466 2150.95002577
  2337.20393281 2095.44008237 1847.29583476 2019.38462044 2336.78611427
  2536.91318006 2561.28908935 2562.06205264 2503.16187504 2394.03357919
  2277.98403182 2244.27141657 2200.10884098 2194.3948129  2172.58002684
  2197.15215295 2180.36951944 2328.16102488 2464.15699745 2559.78714748
  2629.83401885 2659.01781567 2481.62988002 2356.49080945 2248.64294764
  2209.37973794 2263.76934249 2302.19069745 2301.10183504 2191.8475402
  2146.73422682 2303.79138013 2450.9577235  2527.97447331 2424.63219755
  2335.34862426 2297.29254404 2189.16562953 2356.39031463 2528.41244082
  2373.92772156 2214.94509999 2094.54951361 2037.49455414 2213.5374362
  2404.23864633 2561.15166294 2523.71556236 2399.72941536 2357.34889688
  2264.98703542 2283.44190198 2361.82967366 2329.72247559 2258.83512428
  2208.75738902 2155.38922988 2164.61137335 2432.7065884  2573.85134912
  2551.54677433 2416.41222302 2349.15903976 2298.22770633 2251.53873258
  2298.12986482 2171.38130219 2167.51790333 2227.95772247 2138.74980852
  2315.73995738 2325.82400937 2122.39701524 2013.76489174 1979.68270599
  1956.24314558 1942.68709911 1949.52319216 1946.88738794 1884.74436845
  1910.22342826 2037.82465783 2054.34981165 1972.49371904 2097.34199467
  2235.97194026 2332.01827974 2339.76838406 2337.24909588 2327.16927032
  2298.61739441 2314.14312985 2433.5089714  2484.71830819 2329.7870205
  2135.19342694 2087.29681918 2130.66540884 2263.43502269 2397.24377017
  2423.98477865 2415.13790623 2332.998792   2238.95296377 2250.44933388
  2394.66183818 2476.22041858 2455.0676817  2301.94471365 2131.43664299
  2048.4699323  2250.03401988 2486.09370653 2577.56041842 2576.83401982
  2480.74906236 2448.41924848 2386.23521842 2344.77615839 2270.21105908
  2164.17918685 2117.48781207 2118.63648308 2062.63960153 2048.53236943
  2241.42403436 2460.55891579 2537.74403188 2498.17816641 2482.22704396
  2442.83188304 2302.52498218 2175.68606479 2134.98972537 2135.36277787
  2117.58958036 2129.83248849 2115.08123494 2088.58161696 2182.66458679
  2342.69009386 2465.12884998 2447.23237531 2352.38039036 2156.11891054
  2115.97837384 2252.05996991 2443.20411915 2453.36796195 2309.63117264
  2104.0558409  2103.66007397 2245.10956385 2439.98195974 2612.6300424
  2622.42010605 2539.25520019 2399.31000763 2260.00308983 2226.4746723
  2339.4281528  2359.01292002 2346.61586211 2275.14568579 2171.73175669
  2174.4360649  2399.41512631]]","[[18.75250218 19.55442335 33.56165025 ... 17.24527515 22.58228855
  10.40725958]
 [13.11136253  6.97050231  5.72386305 ... 12.78232847 14.63622149
   8.56215295]
 [14.23447644 15.06777117 12.38483557 ... 20.94338883  9.90154012
   9.3155844 ]
 ...
 [12.94141925 15.92153453 15.91956728 ... 17.55113329 16.89949011
  16.37945736]
 [16.16023864 14.19836705 14.31703891 ... 18.71086087 17.38644391
  13.97622001]
 [49.68778286 51.75830356 53.44844359 ... 54.10600312 18.75742512
  13.13274938]]","[[0.00759812 0.01114982 0.01099609 0.01107623 0.01138445 0.00952729
  0.00643484 0.00873958 0.01032008 0.01045584 0.00886264 0.00688811
  0.00510119 0.00531922 0.00834089 0.01273061 0.01049751 0.00673677
  0.00788515 0.00534661 0.00374124 0.00284522 0.00302542 0.00288784
  0.0035415  0.00253338 0.00186378 0.00174858 0.00351596 0.00544209
  0.00682335 0.01282483 0.0164467  0.01137922 0.00898823 0.00935183
  0.00559954 0.00409715 0.00390096 0.00587897 0.00614349 0.00526638
  0.01042397 0.01441496 0.01459011 0.01100312 0.0075792  0.00625037
  0.00875002 0.01019487 0.00533621 0.00385274 0.00549793 0.00602441
  0.00687164 0.0065813  0.00687084 0.00542318 0.00322987 0.00380214
  0.00642829 0.00663074 0.00663106 0.00779548 0.00752597 0.01180926
  0.0087543  0.00439795 0.00442604 0.00499518 0.00779195 0.00600305
  0.00333261 0.00383747 0.00319408 0.00243103 0.0039768  0.00798768
  0.01450263 0.01626595 0.01583425 0.01291412 0.01255395 0.00988474
  0.00614015 0.00324896 0.0042386  0.0040586  0.00429675 0.00420361
  0.00451211 0.00530324 0.00535913 0.0043018  0.00542309 0.00565199
  0.00455043 0.00828858 0.01264801 0.01199177 0.00782582 0.00664895
  0.00788105 0.00627724 0.00576706 0.00450278 0.00416906 0.00564303
  0.00790675 0.00555387 0.00600458 0.00696537 0.00345004 0.0020716
  0.00230739 0.00384934 0.00398406 0.00405226 0.00320669 0.0018933
  0.00145822 0.00284014 0.00459467 0.00318743 0.00688995 0.00737268
  0.0017665  0.00127239 0.00150655 0.00192259 0.0028563  0.0035856
  0.00321892 0.00269807 0.00256904 0.00451424 0.00288572 0.0016913
  0.00280424 0.00474377 0.00937732 0.01237561 0.0123353  0.01350798
  0.01166284 0.00622505 0.00470617 0.0064851  0.00600587 0.00420633
  0.00269554 0.00557451 0.01049491 0.01397135 0.01366214 0.01079023
  0.01064574 0.01107103 0.0089088  0.0043764  0.00358773 0.00507631
  0.00534376 0.00470173 0.00413228 0.00398512 0.00421527 0.0043546
  0.00473709 0.00949646 0.01048836 0.00873212 0.01253727 0.01222089
  0.01235228 0.0140843  0.00657122 0.00531871 0.00511143 0.00779942
  0.00608459 0.00649943 0.00830602 0.00666057 0.00496092 0.00543015
  0.00517755 0.00763384 0.00802571 0.00659252 0.00508363 0.00495196
  0.0076128  0.01259211 0.01044218 0.00931085 0.01158904 0.00946634
  0.01075181 0.01134291 0.00799227 0.00488096 0.00608154 0.00723976
  0.00390827 0.00788169 0.00918914 0.00414679 0.00386499 0.00510944
  0.00301059 0.00298931 0.00414432 0.00332996 0.00209898 0.00166847
  0.00222974 0.00223978 0.00218936 0.00342943 0.00423535 0.00506325
  0.00651494 0.00870261 0.00788151 0.00795387 0.01281039 0.01176155
  0.00799813 0.00822984 0.00507077 0.00341993 0.00319909 0.00432152
  0.00569945 0.01084062 0.00812993 0.00650943 0.00495248 0.0076903
  0.01581429 0.02390657 0.01491342 0.00680448 0.00368219 0.00503757
  0.00987138 0.01320925 0.01903927 0.01898984 0.01350482 0.01091745
  0.01101571 0.00769904 0.00402894 0.00291537 0.00323434 0.00611955
  0.00620928 0.00702099 0.01037205 0.01204548 0.01173552 0.0135595
  0.01467386 0.00841199 0.00638773 0.00725392 0.00695216 0.00339138
  0.00409306 0.00412212 0.00343029 0.00406385 0.00469464 0.00750753
  0.01006247 0.01047725 0.00890142 0.00837291 0.00802168 0.00799692
  0.01208447 0.01512071 0.00996785 0.00698015 0.00822961 0.00715272
  0.00852627 0.01400122 0.01052444 0.00927061 0.00981307 0.00870881
  0.00505194 0.0045903  0.00589052 0.00543811 0.00571204 0.00488621
  0.01841184 0.0380609 ]]","[[-0.00044703  0.01455029  0.00115372 ... -0.10919956 -0.0754881
  -0.05217205]
 [ 0.01992595  0.01251899  0.02052394 ... -0.00878178 -0.02220401
  -0.05266664]
 [ 0.09047769  0.06929227  0.07010202 ...  0.08624993  0.07779492
   0.05527826]
 [ 0.04826315  0.06040778  0.08203093 ... -0.00045379  0.01415575
   0.04307457]
 [-0.02110734 -0.02449937 -0.02522631 ...  0.01697487  0.0257904
   0.02041348]
 [-0.02699279 -0.02375797 -0.01720107 ...  0.04729447  0.03064631
   0.01520518]]"
019074.mp3,135.99917763157896,"[[ 1.00000000e+00  1.00000000e+00  1.00000000e+00 ...  1.00000000e+00
   1.00000000e+00  1.00000000e+00]
 [ 6.83495233e-01  6.84781713e-01  6.86067277e-01 ...  7.95843453e-01
   7.96147618e-01  7.96454507e-01]
 [ 5.87055701e-01  5.87694308e-01  5.88323490e-01 ...  4.98019851e-01
   4.98464102e-01  4.98915376e-01]
 ...
 [-5.51135999e-17  6.27959627e-18 -5.07540680e-17 ...  1.57139690e-12
   9.11682153e-13  1.66358342e-13]
 [-3.65228671e-17 -1.88194073e-17  1.32582839e-17 ...  1.51529779e-13
   1.28915508e-13  1.75175939e-14]
 [-3.25908391e-17  1.84446989e-17 -9.42196008e-17 ...  9.34461773e-17
   2.46123048e-17 -1.97804438e-18]]","[[ 882.42761615  801.40390795  726.5727896  1112.75674719 2723.40731131
  3887.30457918 4382.08579831 4932.03091744 5040.50321144 4016.16777308
  2044.51234823 1771.27070845 1941.41947281 2162.18519063 2221.44931336
  2240.37246344 2205.45503824 2107.36382801 2001.46395163 1682.14183421
  1351.6249704  1537.59177606 1681.87105266 1681.9131894  1691.0197652
  1413.22070416 2400.04500531 3877.04165446 4019.45336969 3621.29639182
  2600.89475755 2268.57301265 1819.96856403 1441.24376507 1459.32606409
  1469.58493456 1308.78970318 1129.1311305  1070.72649875 1192.59647829
  1152.98147793  930.78658721 1014.47599298 1158.10310446 1391.5646062
  1552.40687058 1632.00420509 1669.63368979 1616.70963064 1538.71572741
  1621.37838036 1590.80268024 1472.96590017 1337.00986148 1041.5352682
  1093.18323363 1247.90832375 1305.52644113 1819.46835939 1983.99373232
  1667.51317889 1264.67108881 1065.04105961 1230.47219085 1467.71456716
  1664.08256131 1718.05190217 1881.07229485 1925.89286574 1674.46170174
  1324.38823685 1360.76240767 2846.963202   3692.61843067 3998.45759965
  4051.75530361 3731.81116869 2833.05190945 3051.93920409 3644.82699463
  3117.96699996 1767.77405045 1045.47242909 1204.42273178 1276.68957731
  1354.13233157 1546.35547171 1604.09611392 1271.94995115  933.45238653
   818.93245471  731.2354944   753.50593254  853.04870224 1110.85198033
  1362.61443013 1644.20177722 1698.66657776 1500.99357138 1439.2917535
  1350.8856294  1249.58290208 1211.68948017 1367.06162821 1423.33735472
  1561.73730279 1775.63256939 1424.47891832 1008.23292007  836.75185921
   731.49906257  682.98093907  651.95646965  688.14436692  756.3474681
   733.14346295  751.60124259  736.11091099  689.82374331  723.42699225
   736.8154787   756.4954524   807.01367728 1332.53060612 1569.74084972
  1371.76598754 1016.58156353  722.55084254  604.48367268  582.10331756
   562.20610411  575.09655187  620.65774912  989.48993869 1230.54038774
  1076.13808938  979.10388327  853.09974189  804.24605538  834.95648419
   897.1617428  1006.97746071 1610.44673851 1796.09330951 1339.89278523
   875.92214642  731.69503972  765.4176592   749.92300312  740.08062395
   747.26708069  919.9984672  1237.27551023 1295.9772712  1026.72380165
   872.01794261  848.37184884  832.27053984  867.79488364  832.78890009
   768.04442099  708.85516897  675.0765431   670.48318289  639.99123197
   612.64231572  601.77391067  598.7880118   588.34945171  594.7178176
   989.62534649 1725.27518291 1268.90920745  936.88961885  908.36379984
   989.88296451 1017.27300085 1003.32703597  970.95565929  980.01460327
  1107.52431578 1157.11357345 1170.52825454  880.85765854  616.88168226
   487.31836867  483.54765056  473.97486306  442.36087811  563.13157897
   840.23069703  863.31539744  991.15761851  856.09907244  895.99330326
  1504.60364206 2469.99687923 3122.5174329  3212.57780336 2922.76678637
  2128.62454795 1297.67587112  962.1074298   858.95912465  820.94396058
   809.17130429  820.54452561  850.7835488   903.87202481 1226.19672416
  1265.34888266 1073.9527916   845.35178252  804.39004504  884.57305068
   907.48273335  864.39628455  797.81772248  923.8288774  1070.48913371
  1062.46386404  879.35505149  590.51612819  530.56591646 1010.084643
  1699.13749959 2330.96989705 2752.0368994  3121.07673838 2536.04131731
  1755.35278582 1098.31374259  971.86185937 1005.14557546 1026.14783155
   891.93969243  715.19840047  765.8028218  1053.54295187 1211.42031033
  1166.40183072 1170.69224009 1254.93373999 1250.51632332 1201.54668908
  1194.30665312 1112.30773166 1554.01148444 1552.22083887 1186.93154875
   913.1876076   735.41046685  711.10032387  725.68864668  750.26297835
   795.45053321 1002.03970309 1671.8640958  2013.08983403 1697.10891138
  1164.76380417 1047.10139557 1079.1347848  1138.01640609 1087.38719315
  1043.72138195 1079.80697253 1569.88192619 1669.33368601 1235.12143068
   893.16917982  737.41959907  681.13718398  593.83142025  637.91304747
   899.24353086 1819.33907207 2089.42744279 1687.26044642 1256.02631382
  1057.26742501  909.09486367  837.2883299   823.68050957  819.76077439
   835.17245999  985.35362729 1058.96844401 1029.54299353  820.93034724
   673.74460236  578.77531858  557.52944955  596.57913212  883.29924895
  1447.68148423 1578.02172693 1348.12174346 1015.775067    856.53392608
   835.07928793  898.76008762]]","[[1271.19824048 1194.74480942 1132.92648023 1817.99185405 2764.69328184
  2723.88324138 2603.572181   2661.81659768 2821.45382221 3048.8595611
  2386.03541828 2001.24868786 2038.3166172  2158.31091506 2157.00114581
  2114.07934566 2172.4621156  2270.2027631  2354.86793489 2292.7918836
  1999.64553247 1983.03622796 2019.99910813 2052.29199054 2035.8066881
  1922.87339663 2947.60690159 3224.1011207  2975.16343476 2910.4968579
  2846.50237267 2686.11173124 2339.93983379 1938.18671208 1860.62408422
  1858.47644446 1892.54795257 1777.47054578 1829.76383124 2009.81161565
  1909.15333438 1584.08380639 1592.59002893 1704.15296643 1846.85663539
  1902.06193652 1932.28359253 1984.1806821  2062.46518619 2100.96402469
  2014.25897322 1780.39737261 1656.06762765 1579.7989339  1478.3089558
  1590.08889255 1730.535251   1808.93403032 2291.55399891 2464.04669381
  2265.01990645 1882.48959497 1641.27869927 1719.63103114 1713.45956506
  1727.51615731 1884.99405592 2109.62659791 2244.26132088 2177.10282705
  1918.92609587 2142.26549524 3040.78281795 2952.9507757  2687.3213718
  2666.05213129 2792.34040051 2821.15028743 2733.04571935 2745.83744308
  2764.10798904 2375.08414208 1720.16402882 1748.46251452 1858.86465781
  1965.3645837  2350.75672796 2401.20992823 2079.17274779 1593.90394164
  1366.14354214 1304.85541899 1320.20900085 1442.65316987 1709.13920081
  1934.7690717  2075.83876823 2011.60213557 1857.00072672 1667.62351701
  1619.40981172 1627.04735221 1610.27233157 1797.21176859 1841.43778179
  2222.6029407  2513.69549115 2145.25428001 1623.22710137 1378.37930448
  1232.37195669 1166.11518146 1132.96072642 1155.65647691 1179.69275114
  1235.62670053 1304.33539085 1294.25985003 1213.36473963 1255.58357909
  1290.16462083 1303.26413935 1421.12386895 2158.69472272 2422.53168606
  2210.64866924 1750.05206678 1273.33653956 1095.81702021 1103.69627965
  1111.6918531  1110.91309493 1256.6906412  1778.05034205 1979.82827473
  1786.00347703 1610.30905323 1493.62447271 1448.22824752 1467.49784489
  1531.47868621 1770.55678968 2452.27851421 2545.8402368  2216.57482602
  1624.25257904 1320.85936517 1270.52310393 1225.76285475 1223.18737998
  1238.33418886 1520.44069802 2039.98346682 2083.14342388 1716.4190228
  1464.07919024 1381.851522   1377.64595657 1419.24409406 1371.08231006
  1247.52292286 1141.14604416 1068.5462306  1079.7765171  1076.0696737
  1070.14907933 1045.48106453 1061.37690451 1060.47899354 1085.39263851
  1894.63985835 2600.82408943 2251.63856695 1830.71054578 1719.3268552
  1861.14273804 1895.21356356 1853.7055006  1828.21610737 1809.00023599
  1975.23575522 2029.73613163 2044.04529705 1711.3126871  1237.91774885
   963.53185849  899.73913426  901.92717994  884.04710133 1181.27903975
  1671.47472837 1684.41577442 1743.41635966 1517.01530035 1540.8281368
  2129.45885419 2506.56525858 2506.10837396 2489.97217444 2505.32206136
  2412.13151386 2032.23226558 1737.37583247 1601.4012497  1601.27370742
  1623.27483042 1660.72974083 1705.1513028  1769.96832129 2137.1019742
  2158.00184544 1896.1513842  1579.68600413 1470.6047991  1515.99088313
  1539.99380343 1496.13840798 1438.39070905 1659.11823376 1922.15895913
  1947.36475212 1675.039917   1182.49609596 1020.19612541 1772.26469198
  2298.06514505 2506.53242858 2544.94542958 2566.01455619 2568.6042234
  2300.12643566 1790.43162372 1706.19114615 1742.29144755 1793.59562754
  1680.8688831  1397.19965153 1453.31287184 1826.84287131 1905.92187018
  1916.83028652 1964.25310483 2052.84797548 2006.30988809 1932.87085507
  1931.89891896 1848.25242537 2451.2437946  2490.56468065 2106.67933165
  1710.07816041 1405.35926258 1305.00782477 1330.76276505 1374.54830903
  1422.31824153 1790.29069295 2514.62909946 2692.92408319 2466.50819376
  1945.91767947 1811.12062615 1832.77933602 1880.44296121 1820.37519397
  1761.63152518 1787.41998529 2285.37176185 2453.53058342 2108.39046048
  1686.49021701 1399.69978469 1224.76317976 1055.16124705 1117.49567438
  1586.04046505 2587.02775625 2702.05040104 2441.24655105 2022.57245875
  1796.10752136 1660.30213124 1576.9501145  1569.99525236 1553.15001448
  1572.73104075 1788.21194526 1874.48307297 1815.33208184 1578.91245158
  1325.93845367 1129.80791607 1073.87006854 1171.20841922 1720.1809887
  2358.8668607  2380.43864313 2024.4778187  1567.01909251 1373.36344314
  1354.23242516 1430.94370484]]","[[10.49303546 13.8349592  16.76909804 ... 24.85462097 30.79884486
  16.54977017]
 [10.70760277  9.57194446 14.52554123 ... 17.90731168 17.47388574
  19.38642274]
 [18.54810039 15.00280727 18.95360357 ... 22.39022327 17.96254976
  15.04150097]
 ...
 [17.9370449  20.15532584 19.78391408 ... 24.02410156 21.74031235
  20.96009512]
 [17.32103845 20.53351202 22.57826872 ... 29.01859442 24.01204468
  22.71231616]
 [41.27940241 43.36475602 41.0455713  ... 48.7639019  27.79441718
  19.59524788]]","[[5.16234140e-04 2.23121286e-04 1.13232614e-04 5.18933928e-04
  5.00213820e-03 1.40850116e-02 1.78657658e-02 2.54044030e-02
  3.09092887e-02 2.38293540e-02 5.06971916e-03 3.51585075e-03
  2.24003918e-03 8.70532822e-04 8.08833342e-04 1.13431679e-03
  1.11926417e-03 1.81203755e-03 5.38744731e-03 2.70635402e-03
  6.95341150e-04 9.03800479e-04 1.02585356e-03 9.40357102e-04
  1.37977186e-03 1.21634942e-03 4.88231424e-03 1.92013998e-02
  1.71746258e-02 6.17534388e-03 2.51405057e-03 1.80061487e-03
  1.77185552e-03 8.44633440e-04 5.37294720e-04 6.15441240e-04
  8.58493790e-04 7.81382783e-04 4.91217594e-04 4.61734016e-04
  3.85856867e-04 2.48794706e-04 2.57494074e-04 2.54812097e-04
  4.69671912e-04 6.58556819e-04 9.88790882e-04 1.62123272e-03
  1.28912623e-03 9.71968519e-04 1.20540988e-03 9.00294632e-04
  5.12437138e-04 3.11117416e-04 2.07600257e-04 3.68817244e-04
  6.15422381e-04 7.47548940e-04 2.47546658e-03 2.88471580e-03
  2.18194351e-03 8.94293364e-04 3.52571107e-04 6.03804190e-04
  9.37351550e-04 9.66961379e-04 1.19675079e-03 2.05275696e-03
  2.58500851e-03 1.63854577e-03 9.77276359e-04 8.16131243e-04
  3.29006533e-03 7.55056320e-03 9.60498769e-03 1.15576098e-02
  1.08221527e-02 4.88517853e-03 7.71596516e-03 1.35810962e-02
  9.68265068e-03 2.02772045e-03 6.50941045e-04 5.39396075e-04
  5.61374996e-04 1.27905060e-03 1.81811117e-03 1.59712532e-03
  5.76108694e-04 1.71570820e-04 8.99674487e-05 5.21406582e-05
  5.23220951e-05 1.30989458e-04 5.14571322e-04 9.20543389e-04
  1.44216686e-03 1.56994339e-03 7.44436751e-04 4.85846133e-04
  3.17648664e-04 2.72096891e-04 3.69184156e-04 7.60938157e-04
  1.32146291e-03 2.24809069e-03 2.46467767e-03 1.27235032e-03
  2.80148553e-04 1.01596714e-04 4.20875149e-05 2.36006636e-05
  2.80972654e-05 5.76754865e-05 1.22884347e-04 9.75283911e-05
  7.09199812e-05 5.91633907e-05 3.89222005e-05 3.88265362e-05
  4.45766200e-05 5.63390713e-05 1.61595643e-04 1.15441089e-03
  1.39072048e-03 8.24916700e-04 2.84076785e-04 6.85570194e-05
  2.75917428e-05 2.30642963e-05 2.15208383e-05 2.43434988e-05
  6.74854746e-05 3.38369835e-04 5.59608510e-04 3.96431977e-04
  2.75527273e-04 1.15702067e-04 7.82070856e-05 1.03200633e-04
  1.62629251e-04 2.93084362e-04 1.16599002e-03 2.37225089e-03
  7.57668400e-04 1.91597690e-04 8.50305078e-05 6.87295324e-05
  5.35820072e-05 5.40174115e-05 7.00106975e-05 2.58430489e-04
  1.11191324e-03 1.17575133e-03 3.42652813e-04 1.07729233e-04
  5.60511362e-05 4.99958151e-05 5.84677691e-05 5.93314471e-05
  5.35143008e-05 3.32318486e-05 2.73467158e-05 1.84194450e-05
  1.11287090e-05 7.78125104e-06 8.26643191e-06 8.00076668e-06
  7.87874615e-06 1.71100437e-05 2.50775076e-04 2.15323339e-03
  7.64323631e-04 3.00624350e-04 2.13455918e-04 1.63681005e-04
  1.54105728e-04 1.47922940e-04 1.31918161e-04 1.56824477e-04
  3.24893015e-04 5.75089827e-04 6.09429204e-04 2.32038510e-04
  6.08162263e-05 1.83885059e-05 1.11453128e-05 9.61066507e-06
  1.02867853e-05 5.97584985e-05 3.02325236e-04 3.44930158e-04
  3.77593533e-04 1.89379338e-04 1.75661946e-04 6.16950914e-04
  2.22462532e-03 4.08495218e-03 4.37001884e-03 4.44702944e-03
  2.64751259e-03 5.99436986e-04 1.72608692e-04 8.03974981e-05
  4.72690626e-05 3.94849485e-05 3.73857001e-05 5.64018846e-05
  1.40052172e-04 8.02287483e-04 8.81771091e-04 4.36124566e-04
  1.54708381e-04 1.07933607e-04 1.23948004e-04 1.42521312e-04
  1.09581648e-04 1.27812164e-04 3.10581818e-04 6.95820781e-04
  4.91292332e-04 2.02896146e-04 5.31301739e-05 2.64348018e-05
  1.69824023e-04 6.39485777e-04 1.56089035e-03 2.90426170e-03
  8.53259955e-03 5.98056149e-03 1.50672742e-03 3.78500583e-04
  1.90314953e-04 1.77516980e-04 1.44610909e-04 9.43995256e-05
  5.60509397e-05 8.51127843e-05 5.74431382e-04 7.48975493e-04
  4.31829540e-04 3.18945444e-04 3.39408813e-04 3.63405474e-04
  3.28831200e-04 3.20602412e-04 3.72822600e-04 1.76634896e-03
  1.55319483e-03 6.35290751e-04 2.19810274e-04 6.94613409e-05
  3.66205277e-05 4.60096126e-05 7.79226248e-05 1.15958304e-04
  3.56947072e-04 2.18921411e-03 3.92516376e-03 1.78279623e-03
  4.83429933e-04 2.76377628e-04 2.27106939e-04 2.49025761e-04
  2.26479373e-04 2.26410426e-04 4.23906342e-04 1.95969502e-03
  1.46878057e-03 4.63987351e-04 1.80603689e-04 8.13577863e-05
  4.00003591e-05 1.75440073e-05 1.94815239e-05 1.25176870e-04
  2.49511888e-03 3.67174787e-03 1.47688354e-03 4.23260411e-04
  8.98759245e-05 3.30479488e-05 2.25601125e-05 1.91418330e-05
  2.48321248e-05 5.69096883e-05 2.04941331e-04 3.13687313e-04
  2.29970741e-04 9.95625160e-05 3.56755845e-05 1.16904075e-05
  9.02270767e-06 2.24871401e-05 1.56477254e-04 9.40249593e-04
  1.95136096e-03 1.08949386e-03 3.02722648e-04 9.77110103e-05
  1.59338801e-04 5.16360509e-04]]","[[ 0.07959296  0.12741739  0.17569666 ...  0.18273987  0.1657366
   0.12662816]
 [ 0.02245082  0.06828777  0.11236158 ...  0.13271508  0.11553655
   0.08585869]
 [-0.00710606  0.00879208  0.0172844  ... -0.03756172 -0.03388571
  -0.0249281 ]
 [ 0.16720659  0.17857999  0.20567635 ...  0.01980381  0.01369634
   0.00132253]
 [ 0.02654007  0.02548478  0.02904925 ... -0.02408412 -0.02583523
  -0.02326026]
 [-0.00125116  0.01308367  0.0298693  ...  0.02298935  0.0242507
   0.01972354]]"
064007.mp3,107.666015625,"[[ 1.00000000e+00  1.00000000e+00  1.00000000e+00 ...  1.00000000e+00
   1.00000000e+00  1.00000000e+00]
 [ 6.62612654e-01  6.63714125e-01  6.64817276e-01 ...  8.78278731e-01
   8.78838080e-01  8.79405298e-01]
 [ 5.18016393e-01  5.19389747e-01  5.20764948e-01 ...  7.78777869e-01
   7.79854113e-01  7.80943120e-01]
 ...
 [-7.85734193e-17  1.16438542e-17 -5.67508997e-18 ...  3.33641064e-12
   2.46977372e-12  1.11875658e-12]
 [-6.11072579e-17 -4.36987808e-18 -2.06095373e-17 ...  3.19301307e-13
   2.74086370e-13  1.03916923e-13]
 [-9.72757543e-17 -3.13752440e-18 -7.20926501e-18 ... -3.56550944e-17
   1.86639838e-16  5.30885261e-17]]","[[2380.7731963  2302.94868802 2389.56157974 2684.65929356 2649.95302041
  2963.89891553 2908.24438341 2743.00835008 2631.53463649 2465.89872249
  2612.56843537 3530.62780473 3888.03617694 3980.59599589 3584.37685614
  3056.93955858 2785.06960433 2451.89340721 2388.89930584 2189.23633186
  2187.90123454 2227.08098749 2298.00869669 2716.88763468 2991.86911982
  3194.92639596 3205.50462233 2952.60777146 2715.53935778 2580.73982361
  2642.76938572 2939.47815514 2787.05373348 2746.45011209 2838.98001667
  2807.53047185 2863.07507273 2846.90743863 2848.99702636 2928.88206741
  2973.98540009 3258.48208729 3439.27794562 3186.46484542 3146.67463087
  3960.66521513 4696.59639814 5041.32169534 5202.4451459  4882.82209401
  4294.76306975 3810.54711055 3598.47196267 3333.93848695 2957.47615158
  2846.74110706 2839.65327783 2934.72494246 2825.0908747  2829.02735923
  2796.31713342 2638.56006609 2710.59405423 2609.31275807 2686.13833482
  2401.10258918 2235.54477517 2356.42793492 2399.92601943 2411.41867983
  2559.7885424  3379.77088376 4434.75308493 4972.4904914  5181.34430574
  5393.39230384 5355.47358355 4583.03931045 3277.34948731 2763.10934322
  2659.9101535  2866.34730362 2841.88619543 2838.17786099 2942.63723127
  3345.67740031 4015.14918696 4278.61834801 3532.08550185 3129.86357155
  3091.96676131 2728.53953691 2415.3673155  2428.51998382 2617.3791089
  2726.12465349 2647.31722984 2372.21477566 2401.46405651 2612.2354332
  2872.65961533 3349.6616974  3543.71976042 3620.03299364 3323.67920357
  2991.75154736 2775.54580021 2726.51747814 2641.09843178 2543.54494007
  2581.19944112 2651.13723985 2642.6574141  2915.47209562 3034.77727179
  2870.39157917 2809.88696011 2738.85444633 2779.60428455 2847.21880867
  2955.02363624 3011.01869482 3082.92702283 3087.77987537 3016.67332425
  2668.20025801 2474.52147241 2585.65264507 2605.22798157 2722.94110935
  2704.17599854 2729.06834882 2849.34362323 2981.42163644 2974.24626819
  2900.0626813  3061.61613969 3132.64791071 3114.93570299 3098.02185289
  3088.98832928 2990.95112207 3071.17055089 3026.37835195 3132.26197217
  3228.80370891 3538.28179375 3854.77815149 3680.37840406 3379.76799113
  3240.64933142 3319.92388495 3375.36432869 3332.56759029 3338.99180136
  3113.11326675 3291.42787867 3666.37497265 3558.76065497 3474.13254412
  3286.90409471 2632.97460723 2364.95968754 2504.03652877 2434.14183423
  2463.93153834 2647.69862784 2842.60996657 2955.86332703 3105.89561847
  3124.16810598 2910.55183962 2856.87478427 3278.92335821 3612.75308314
  3941.59722587 4024.35526178 3836.39726148 3614.77995716 3203.02268058
  3106.97411889 3151.10195232 2953.95323935 2923.45947945 3130.41620359
  3307.66396043 3492.7735529  3668.38057572 3422.71653389 3235.45575733
  3132.77380467 3073.89904679 3082.72643315 2900.105808   2837.52289592
  2871.70413539 2942.18341428 2892.22446722 2824.83138207 3016.12467662
  3879.19073257 4453.14713637 4530.75064091 4479.0791681  4954.89083658
  5420.73548304 5685.49750768 5631.39788128 4453.58493118 3111.63889476
  2825.36012691 2748.30729261 2684.54993802 2752.12889099 2868.99435132
  2970.32233105 3074.30832309 3021.79479364 3075.88902245 3000.14319008
  2860.24439009 2616.92678826 2638.70431106 2850.92621481 2872.87930809
  2879.85119205 2913.19966229 3020.14480899 2993.9338264  2921.97593723
  2899.99009174 2959.12558018 3308.75959411 3591.56508878 3340.07836873
  3093.4593433  3056.88076377 3022.18621885 3052.64255571 2883.49432772
  2930.97879603 2921.884903   3176.90355789 3123.84071034 3031.65802829
  2941.99319642 2727.50009005 2586.82219172 2701.76013291 2792.16659363
  2838.33958339 2985.84747422 2902.4210346  2924.1892371  2863.58484015
  2950.5805647  2937.57944407 2463.50744359 2319.06353096 2347.9051491
  2457.91456485 2480.54867934 2692.21723962 2696.5212719  2676.94863034
  2900.89660179 3283.35711213 3419.89381032 3284.54599064 3234.2757294
  3198.39011435 3197.43368288 2983.8248119  2721.98053229 2451.82406336
  2300.8968545  2540.7958565  2698.99092846 2590.70085605 2844.24525149
  3953.86210051 4141.60156887 3451.9744356  2649.58370751 2518.40384169
  2475.70061059 2528.6509518  2610.70692686 2511.9673124  2389.68495674
  2514.29706703 2726.28096613 3266.27497886 3481.541306   3590.11407484
  3337.142751   2984.30330263 2842.48358311 2836.91178102 2761.16480665
  2627.96941414 2398.0946319 ]]","[[2505.41570315 2502.73871237 2531.83578069 2540.28536261 2562.40062887
  2612.29910301 2598.27658959 2561.58433974 2502.1133275  2449.43851296
  2496.5965742  2623.22683694 2650.11232571 2769.23716008 2795.5728983
  2813.06868634 2848.25138135 2869.17317277 2907.70344428 2638.26020476
  2461.57110331 2508.15302873 2560.4854954  2717.626716   2782.21456957
  2864.37208945 2939.59870558 2912.19570902 2754.02386136 2709.03316614
  2734.25457404 2831.28683047 2852.08968277 2782.24571184 2782.41991051
  2809.72525514 2770.8765465  2685.69391097 2635.16327441 2659.20934736
  2671.56676694 2913.43919356 3021.24687296 2834.48991222 2784.25820013
  2770.7447265  2652.99312802 2608.15789076 2631.2753284  2964.04627513
  3063.40452414 2902.99260938 2846.65663032 2876.44876923 2717.51890188
  2597.34824065 2471.65965477 2492.06033505 2474.03599066 2453.61692868
  2481.05885915 2454.28061051 2454.4333609  2370.67119864 2311.28484392
  2354.87398988 2388.48273559 2445.90242563 2463.50850759 2446.38936825
  2524.54593171 2988.49846586 3337.5783626  3410.68997353 3350.7639718
  3344.69571994 3391.48854639 3383.36865437 2937.14240963 2444.73555608
  2262.57490539 2303.38197976 2330.8609173  2439.86433399 2522.78871042
  2722.46989994 3003.08161694 3031.53818891 2882.28734899 2797.74029393
  2860.35469441 2602.31546045 2405.52715928 2356.0568809  2384.65192333
  2478.71455934 2457.94524648 2370.68369337 2435.25498359 2498.05341846
  2576.9874109  2723.93908388 2743.41060254 2722.5884198  2698.53523106
  2680.75891868 2586.98838046 2623.90181169 2618.21207775 2629.57784261
  2740.26171012 2823.87063069 2807.94729949 3006.38709208 2906.26394628
  2645.20886734 2519.3006287  2518.28310705 2558.86029928 2553.833114
  2642.78244198 2733.59235629 2719.48355945 2716.05464303 2752.04849945
  2674.91207979 2644.54728499 2615.08182515 2630.24113728 2679.18308481
  2622.9978035  2632.32903549 2639.07002357 2624.79385635 2628.78296687
  2648.27261318 2760.61983297 2840.53495744 2854.34080568 2775.06880898
  2829.8272398  2861.75870658 2841.76536692 2758.85478619 2794.59427663
  2877.54665409 2888.00064792 2865.82161284 2837.72194945 2736.16358269
  2750.45361248 2854.23896499 2804.77450433 2788.66210613 2795.13636326
  2751.16321078 2776.73421561 2838.92961905 2836.08503878 2763.41404698
  2693.9235028  2712.0673109  2712.64930454 2662.81278287 2583.36822996
  2553.89365818 2589.30887116 2659.90613507 2680.03130364 2733.0680477
  2765.14562042 2726.59618702 2726.47389916 2917.74307661 3011.63096329
  3071.26399107 3090.96147134 3019.34161215 2963.76947001 2816.31175692
  2647.27770648 2571.00274593 2533.63428845 2528.78196594 2540.83269816
  2620.17795528 2641.63269424 2555.63595939 2503.10353068 2481.38039922
  2465.78860967 2475.45192812 2536.56588365 2536.42023149 2504.95357399
  2390.42185279 2399.9054457  2530.80141279 2573.56930721 2730.37513128
  3179.45243086 3369.69321578 3320.60511475 3101.07606223 3091.71630265
  3156.78589155 3269.4335341  3384.99555284 3469.21731113 2977.74558969
  2611.92070355 2512.11446225 2446.87575026 2359.61846101 2455.7578237
  2624.97728083 2629.42412485 2651.77765226 2592.05013568 2552.91773559
  2576.96369646 2554.08925492 2619.23057198 2665.04758534 2670.05419335
  2667.60578923 2631.17075304 2587.11763467 2582.65053518 2532.71941949
  2537.32502454 2595.85813889 2705.67981467 2882.48577683 2778.9412141
  2583.66284372 2622.80173175 2611.78693981 2592.07973026 2549.04002806
  2685.48212643 2761.39237768 2767.7407105  2668.28098064 2649.29850908
  2685.65701522 2613.36136743 2484.41574196 2390.31141376 2362.69547538
  2412.97531393 2489.70351326 2455.74425112 2479.37741683 2454.95401782
  2467.24207316 2588.21165101 2562.59707435 2471.51665297 2315.68772869
  2259.71704878 2280.0411173  2441.64963252 2565.49214162 2648.86842781
  2806.47831335 2974.07504406 3030.38992318 3006.73555569 2931.54591695
  2908.87153136 2841.44981503 2675.86915501 2466.81327418 2336.11359292
  2302.20241427 2377.60232972 2463.84960404 2502.56509233 2791.86385499
  3380.01065189 3390.49071517 3043.01952544 2517.35367857 2346.7877489
  2318.21303052 2394.0849721  2448.02850507 2421.16176062 2456.72565504
  2474.71066752 2512.28602477 2697.95612438 2726.87927334 2674.87133112
  2645.85074444 2588.12760415 2567.02031077 2503.93003497 2470.80838464
  2490.5427923  2449.08408701]]","[[10.15909382 13.93034987 24.44595933 ... 21.08075921 20.52488197
  21.64347046]
 [13.29495238 10.27875847 13.17879565 ... 12.59138185 12.87741933
   5.87005855]
 [14.60513298 15.27992286 17.61503706 ... 21.00749859 19.1424513
  18.2478433 ]
 ...
 [16.24448341 16.92944982 14.34588036 ... 19.25976254 17.25415024
  13.29096666]
 [17.06791534 19.26782825 21.39956843 ... 28.56396986 22.36450827
  21.33931826]
 [20.58901238 24.64101534 53.97616247 ... 55.36289592 26.09246541
  17.25897758]]","[[0.02295865 0.01140178 0.00403955 0.00566441 0.00763803 0.01839221
  0.01687873 0.01118707 0.00642371 0.00441668 0.00718962 0.02858383
  0.03950424 0.03029485 0.02068377 0.0100734  0.00611947 0.00741207
  0.00438005 0.0019897  0.00167578 0.00171942 0.00351104 0.01001503
  0.01622436 0.02126178 0.01820968 0.00970974 0.00795614 0.0119252
  0.01159556 0.00897938 0.00584256 0.00520815 0.00559168 0.00479844
  0.00466367 0.0049502  0.00537857 0.00564256 0.00622001 0.00915947
  0.01201408 0.01209475 0.01209998 0.02367923 0.037306   0.04839379
  0.04827009 0.05853631 0.04415017 0.03492143 0.0317019  0.03295962
  0.01888517 0.01095438 0.00973388 0.01235124 0.0079033  0.00909633
  0.00951166 0.00901629 0.00928306 0.00814858 0.01257455 0.00907509
  0.00593768 0.00389266 0.00403528 0.00499558 0.00807804 0.02809201
  0.0382974  0.03597507 0.03667963 0.03844382 0.03340143 0.02990518
  0.01693412 0.01129589 0.00817512 0.00932442 0.00880559 0.00884135
  0.01338716 0.02401047 0.03620338 0.03577233 0.02948272 0.02921853
  0.02158651 0.0115926  0.00591405 0.00467296 0.00560038 0.00554485
  0.00540074 0.00464782 0.00444687 0.00591094 0.01289898 0.0334833
  0.03528939 0.02298514 0.01796743 0.00956319 0.00648391 0.00592368
  0.00485272 0.00386006 0.00352781 0.00379992 0.00502526 0.00802808
  0.00815213 0.00619192 0.00521013 0.00434791 0.00467904 0.00703457
  0.01301567 0.01801852 0.01584675 0.01082845 0.00977782 0.00948464
  0.00549405 0.00525639 0.00517767 0.00572635 0.00573126 0.00514804
  0.00576682 0.00691293 0.0068239  0.00698498 0.01251842 0.01973176
  0.01585326 0.011854   0.01033909 0.00822129 0.00964653 0.01168723
  0.01857153 0.0246118  0.03110405 0.03765803 0.03634336 0.02901399
  0.02336293 0.01927428 0.01698718 0.01524532 0.02124405 0.01753912
  0.0204531  0.02375138 0.02155792 0.02030008 0.02856081 0.01141899
  0.00475577 0.00407797 0.00451724 0.00557945 0.01035308 0.01586626
  0.01597826 0.01485418 0.0138965  0.01051569 0.01012745 0.01373233
  0.02310332 0.03580601 0.03889122 0.03714372 0.0364389  0.02595489
  0.02071343 0.01940065 0.01317728 0.01345068 0.02426276 0.03152625
  0.02478337 0.01547204 0.0100272  0.00686114 0.00672927 0.00702262
  0.00818562 0.00775959 0.0075064  0.00976271 0.01510588 0.01684185
  0.0127547  0.01050917 0.01565024 0.01746091 0.02434662 0.03931885
  0.04223304 0.03413509 0.0241696  0.02218143 0.02008603 0.01339337
  0.00756643 0.00446781 0.00458099 0.00680044 0.01196929 0.014316
  0.01372756 0.01185597 0.01316442 0.01181082 0.01235195 0.01064556
  0.00822863 0.0078797  0.00817443 0.00748979 0.00931616 0.01269234
  0.0132136  0.01304887 0.01324669 0.01441884 0.02441261 0.02808109
  0.02237452 0.02305046 0.02286015 0.02034287 0.02231947 0.01857444
  0.0166356  0.01876211 0.02266772 0.01774954 0.01926046 0.01619098
  0.01132269 0.00796364 0.01123213 0.01186458 0.01332252 0.01577646
  0.01385075 0.01442698 0.01376605 0.01659126 0.02200275 0.01025605
  0.00387495 0.00377048 0.00519489 0.00745469 0.01760413 0.01696107
  0.01155728 0.01426918 0.01577276 0.01696257 0.01589448 0.01491443
  0.01505111 0.01771269 0.0157396  0.01249357 0.00959137 0.00736606
  0.01232184 0.01229586 0.01043696 0.01560001 0.03432135 0.03585315
  0.02121828 0.00842349 0.00547652 0.00479792 0.00580754 0.00581779
  0.00601618 0.00518752 0.0061287  0.0096248  0.0256083  0.0331356
  0.03262711 0.01950783 0.01062296 0.00796648 0.00680277 0.00755518
  0.01799515 0.0267136 ]]","[[ 0.04471348  0.05576326  0.07760414 ...  0.26972755  0.21852646
   0.14286572]
 [-0.02033056 -0.02437062 -0.02791042 ...  0.08193877  0.08192417
   0.08371138]
 [-0.11912541 -0.11372907 -0.10672142 ... -0.15484202 -0.13896918
  -0.10102958]
 [ 0.05110869  0.05772399  0.05957814 ... -0.09586822 -0.0939848
  -0.06650138]
 [ 0.00761189  0.0092992   0.01317689 ... -0.04632404 -0.04966736
  -0.05146843]
 [ 0.02880443  0.03497856  0.03792331 ...  0.0138729   0.01215865
   0.0026082 ]]"
005006.mp3,112.34714673913044,"[[ 1.00000000e+00  1.00000000e+00  1.00000000e+00 ...  1.00000000e+00
   1.00000000e+00  1.00000000e+00]
 [ 5.08966869e-01  5.10845432e-01  5.12742185e-01 ...  9.65146216e-01
   9.65459569e-01  9.65774653e-01]
 [ 3.39114299e-01  3.41528399e-01  3.43966381e-01 ...  9.40653220e-01
   9.41125838e-01  9.41602800e-01]
 ...
 [ 5.79188903e-18 -3.76120661e-18  3.13213437e-17 ...  5.05657889e-12
   2.92931698e-12  1.65808798e-12]
 [-1.14177812e-17 -4.50996533e-17 -1.74392583e-17 ...  5.84649460e-13
   3.24468670e-13  1.23367022e-13]
 [ 1.35557403e-17 -1.56060223e-17 -2.62430634e-17 ... -1.53290076e-16
  -9.59439932e-17 -5.74845475e-17]]","[[3247.53778202 3319.91234386 3480.41397718 3514.6533794  3565.93138232
  3422.78888846 3260.22334952 3151.20403189 3137.80801427 2890.37521268
  2809.86011146 2955.09193601 2665.24517782 2265.3908147  2227.88888475
  2439.26654808 2662.71084559 2885.80211721 3081.48988952 3142.44469297
  2959.85538649 2772.00160934 2761.19666935 2618.62981006 2418.57605724
  2615.43378993 2573.99707359 2449.9578137  2528.41460079 2865.53243914
  2856.72763067 2433.92454683 2419.2538148  2769.5721917  3073.75473318
  3181.09641289 3102.65996832 3111.21703177 3214.89802857 3182.34587683
  3255.74774111 3155.66505257 2875.87900861 2559.51999809 2805.77509246
  3133.87097663 3045.74407933 3158.20353928 3101.13554025 2993.12527543
  2967.40444591 2899.36396144 2822.2610742  2657.785151   2791.84802803
  2978.47786297 3172.72021759 3339.24644953 3408.90192898 3495.81496108
  3436.06735439 3355.65762735 3151.3089662  2975.81067649 2942.77594817
  2870.6430345  2665.77277744 2708.7626849  2865.89606725 2901.584909
  2831.39130393 2847.4447319  2868.15184091 2834.35835997 2650.77900558
  2321.1018013  2283.20367761 2457.6314259  2603.16701166 2683.18563471
  2695.07485465 2601.48441788 2540.72170573 2572.46530785 2467.14099438
  2422.49919796 2288.11022731 2105.54978378 2071.61940703 2093.41037601
  2092.09597417 2176.51266027 2261.0221092  2348.0298162  2439.45829313
  2340.66065742 2264.90361685 2500.25354536 2817.47152026 2791.13813905
  2613.3964836  2389.10712521 2348.16047337 2499.28757375 2797.58631247
  2844.55167304 2733.55235193 2636.19184801 2570.86473207 2547.33985922
  2512.96511087 2563.29038945 2446.38922519 2335.95374968 2400.27435912
  2585.12471282 2790.37443741 2829.14652844 2694.23746733 2637.44332966
  2592.67250607 2639.35009755 2628.67817328 2603.32801733 2564.89506588
  2508.07554273 2575.40159887 2584.77635874 2615.80481201 2688.05339112
  2684.9663753  2604.66022735 2699.26194177 2665.9758059  2620.95750073
  2486.77646652 2484.44712852 2518.27693983 2491.11723148 2472.74047371
  2341.88535146 2288.21291045 2343.14458241 2346.7035541  2392.68170669
  2396.95079146 2460.09046799 2654.34999572 2947.36652992 3209.38906409
  3397.43975604 3403.73633151 3502.02897081 3397.35730732 3382.57735734
  3335.97697712 3265.28150315 3079.90902428 2780.80297567 2741.92602686
  2841.49093736 2816.71489516 2824.49883688 2695.90686332 2552.12977703
  2623.37007741 2898.92436528 3157.60231698 3324.51970336 3368.49375403
  3375.17683956 3270.52214703 3152.35335761 3215.4080329  3072.90995286
  2871.18488182 2738.92406982 2901.39126164 2876.86699684 2641.58996376
  2608.45830128 2555.94497803 2811.4465927  3091.91689529 3190.67722794
  3427.07398772 3552.87319734 3458.84275128 3399.52359289 3388.20706449
  3163.19329015 3018.68888874 2861.98347099 2766.48512555 3012.19800264
  3229.02384607 3514.87368984 3557.22876494 2880.32948058 2426.12059667
  2684.55959264 2912.30109179 2771.57146224 2729.02326371 2764.36107498
  2725.9868756  2690.18455439 2643.72256019 2467.73343787 2304.20563778
  2189.70552483 2446.72752238 2642.04311567 2731.24029634 2825.68591988
  2637.10389083 2528.85087718 2836.98197513 3121.94993268 3258.16333749
  3171.56055785 2864.97669832 2643.92043558 2648.62704241 2841.52322013
  2931.8465567  2773.31458327 2524.20162023 2469.96065428 2546.54930216
  2576.4991527  2633.09834867 2518.65342109 2495.64738877 2630.79708896
  2701.89046207 2703.23970505 2585.44131379 2511.10086434 2493.76502227
  2722.1707761  2887.2039784  2971.55443148 3064.5470124  3105.75051782
  3087.09504354 3039.58435662 3122.36886924 3081.78149236 3116.17640971
  2832.40104679 2701.17653018 2706.34694195 2860.25884678 2945.43027556
  2967.70546512 2892.50054351 2941.86993071 2927.58662067 2839.20372526
  2695.04348545 2574.47103073 2708.46469138 2749.30890854 2845.88151156
  2813.53926538 2670.12889823 2581.20641259 2501.65486811 2645.53346518
  2715.91580157 2672.10826663 2611.70121542 2429.12818915 2408.86223043
  2647.96151252 2810.37468268 2881.94019663 2801.4604306  2741.37432714
  2751.72385525 2787.67317433 2912.40181336 2947.40077195 3024.22235636
  3353.15439913 3554.9193553  3670.64807806 3663.14088193 3478.73345808
  2745.89341353 2410.60509312 2379.60750787 2360.89432191 2329.43526017
  2338.11021617 2258.9946663  2321.08401554 2485.97034645 2587.37904457
  2618.48470512 2548.89963734]]","[[2558.00183318 2665.89935456 2716.46214971 2701.51195075 2720.86997879
  2721.65478066 2646.74621944 2670.29727988 2656.92594168 2563.23457781
  2526.09380737 2573.72813395 2534.64495613 2379.96392945 2289.54932837
  2277.99987134 2263.36724324 2398.47060971 2541.53944257 2545.34586137
  2492.04280285 2362.38476429 2343.46097166 2372.02843985 2357.31068369
  2428.76425239 2426.35095581 2399.41783729 2349.01865726 2584.92047384
  2631.48883797 2432.71424728 2462.24274818 2633.18348863 2726.54151662
  2718.73936857 2645.85751504 2660.43973757 2784.67081227 2799.7861263
  2773.31702312 2742.19961686 2641.08809226 2516.87618879 2604.07717925
  2695.90724953 2674.4168793  2687.37408903 2783.90428035 2785.64809761
  2705.40786476 2597.67904988 2524.95932849 2536.62028977 2649.08821865
  2700.31395519 2719.26585136 2744.69389176 2795.21386994 2784.05641792
  2727.33249666 2714.29207863 2615.97834459 2570.1360413  2538.62101658
  2538.04568685 2515.36625913 2517.60580767 2630.05141068 2629.5168421
  2605.81418551 2590.96415153 2605.4938192  2630.21295545 2558.439871
  2419.62661456 2406.81894339 2527.48005366 2589.30606664 2585.14573047
  2649.88208466 2616.62116892 2503.36799837 2440.19429699 2428.15830906
  2413.25946959 2328.75159353 2248.58118358 2208.73660623 2218.53872141
  2263.39066887 2261.65621563 2262.37059784 2308.15022112 2348.94522346
  2266.45484014 2277.49644607 2409.69110683 2462.54586959 2488.31518584
  2516.06809268 2415.55615872 2311.52607589 2298.60005506 2362.9846288
  2426.96613591 2432.37898829 2357.51805298 2361.23296693 2336.71548108
  2266.65033569 2280.61330835 2301.61783223 2339.96581085 2359.33604569
  2412.65852441 2482.94119139 2514.37795267 2432.40154709 2359.39882362
  2326.14157532 2339.86149027 2303.56354131 2302.2166437  2328.63213357
  2330.60350471 2314.91041661 2349.07602727 2399.69423413 2385.10094839
  2420.47696195 2435.6977254  2487.229066   2428.4180164  2380.16982882
  2390.7507419  2350.59621335 2354.11968549 2278.42984814 2229.98584059
  2245.78266161 2248.62985573 2240.67984619 2256.93247561 2253.97072784
  2200.57915889 2310.05274166 2441.2654762  2536.39063529 2620.75233698
  2662.91328811 2675.09682801 2703.73184806 2706.29831687 2704.72199729
  2643.42514041 2656.42798349 2623.35655683 2581.65599876 2493.84431507
  2487.50111517 2461.14431479 2413.12578136 2381.30552246 2378.97700222
  2422.20594211 2524.99194034 2620.25771828 2720.6372904  2768.07831509
  2735.41834736 2736.67671422 2690.6265215  2665.56723149 2616.39291504
  2557.22672405 2506.45273153 2489.40770862 2483.9956404  2464.82428344
  2403.76716428 2400.12465778 2526.27161666 2634.23226565 2689.46881124
  2712.82030373 2758.17022415 2785.97472864 2751.24648811 2745.45305322
  2672.6511047  2566.06722668 2569.04752529 2575.19546142 2604.38962234
  2733.62280239 2927.02071007 3035.94415795 2798.03853068 2408.06745516
  2455.50245114 2514.37637797 2484.09458471 2490.75751013 2496.3119371
  2471.23386749 2461.89680949 2439.15576518 2419.03444216 2381.31502232
  2350.85893794 2430.83991823 2511.19118746 2637.89494983 2720.86773662
  2612.0459368  2423.74962517 2501.48627655 2600.16690617 2629.12860675
  2655.95297899 2658.77961292 2637.34009532 2580.80500243 2582.80776916
  2631.94628196 2607.98349743 2503.16466858 2445.93639529 2458.49881278
  2431.93859787 2470.07352319 2483.08068272 2486.59594601 2533.27177623
  2548.71334542 2575.21568399 2506.35584661 2392.15421988 2332.05868147
  2385.24623991 2470.58448208 2536.04833783 2558.98867715 2589.77482513
  2649.64538703 2635.78586464 2638.75670786 2665.68584498 2688.70138447
  2591.06056254 2516.55925316 2491.53190913 2524.18427896 2529.10530347
  2520.6807824  2458.49621514 2473.00640418 2502.91269574 2500.81844259
  2472.78202982 2433.40303316 2484.01820169 2466.97008171 2469.80560585
  2479.49660715 2459.55488268 2400.00690791 2357.51016489 2423.03659878
  2447.11471218 2418.97605868 2361.57298118 2362.66080345 2407.52888819
  2451.78611242 2472.54391756 2477.5600754  2475.50589414 2480.70116705
  2479.46165653 2463.68811256 2491.1983691  2517.60380241 2611.65811436
  2808.64235904 2902.15299725 2942.50328868 2911.39840339 2898.69842699
  2625.67041362 2306.08052783 2259.08510826 2248.46026966 2242.43664742
  2257.86084446 2243.84711831 2350.90233061 2423.08094374 2411.56460484
  2419.68679932 2447.79281011]]","[[16.63167048 23.371169   17.36307705 ... 19.56662799 18.88759158
  22.27494856]
 [ 9.09285329 10.08937262 16.43376011 ... 20.64817487 13.43095233
   9.41694714]
 [14.43827918 12.44053046 14.77858052 ... 11.77666038 16.1604748
  13.87381189]
 ...
 [17.91054343 17.02802911 14.06061728 ... 12.84773622 13.84784593
  14.664781  ]
 [13.43476486 18.3332068  14.07898198 ... 18.35790581 16.57962814
  18.32969881]
 [52.33028246 54.3839476  55.40506333 ... 52.77546066 28.5596756
  20.63936137]]","[[0.04382271 0.0373342  0.03727793 0.03729985 0.03622472 0.03273285
  0.03031647 0.0292518  0.03123318 0.01938768 0.0162089  0.02228933
  0.01822316 0.00996927 0.00843154 0.01143628 0.01548428 0.02375452
  0.02996434 0.0295299  0.02238807 0.01390692 0.00992008 0.00889708
  0.00855793 0.01460612 0.01425237 0.01197902 0.01435233 0.02063391
  0.0243752  0.01248468 0.01146902 0.0166269  0.02091479 0.0278209
  0.02987289 0.03050377 0.02874505 0.02851375 0.02634058 0.02544617
  0.02384288 0.01672015 0.02000091 0.01894339 0.01728181 0.02060592
  0.02433708 0.02047314 0.02212605 0.02117489 0.01918187 0.01703714
  0.01796426 0.02223174 0.02846916 0.03408255 0.03062999 0.02954134
  0.02645328 0.02748759 0.0262171  0.02520281 0.02453765 0.02732467
  0.01918409 0.02055223 0.02250066 0.02048137 0.01587615 0.0173414
  0.01912628 0.01950964 0.01063822 0.00406088 0.00267345 0.00294328
  0.00387162 0.00398724 0.00433647 0.00378861 0.00545958 0.00718262
  0.00450685 0.00243392 0.00192541 0.00261581 0.00521319 0.00864113
  0.00753782 0.00695017 0.00636697 0.00566819 0.00537837 0.00362641
  0.0033829  0.00823892 0.02097397 0.01960663 0.01628398 0.01443554
  0.01206318 0.01213191 0.01646933 0.01536197 0.01646956 0.01538921
  0.01263139 0.01178804 0.01251673 0.01261088 0.01218383 0.00958267
  0.00934147 0.01435106 0.02165635 0.0207607  0.01605826 0.01344645
  0.01275394 0.01048087 0.01154947 0.00971483 0.00797096 0.00866307
  0.00865325 0.00897255 0.008612   0.01171872 0.01794885 0.01501824
  0.01606047 0.01698698 0.01497351 0.01453298 0.01486295 0.01483025
  0.01355904 0.01177491 0.01110283 0.01055224 0.01205616 0.01265221
  0.01261136 0.01344707 0.01622263 0.01701755 0.02438883 0.02965155
  0.03485702 0.03367564 0.03280607 0.03091759 0.02630695 0.02864944
  0.02619814 0.02532739 0.01849734 0.01720217 0.02168126 0.02108276
  0.02242673 0.02134663 0.01720336 0.01962706 0.0242954  0.02904168
  0.0277817  0.02577929 0.02771008 0.02269277 0.01970141 0.02073537
  0.0238179  0.01893246 0.01708775 0.02201624 0.02134783 0.01620928
  0.01912447 0.01850734 0.02458204 0.02655161 0.0248659  0.02559873
  0.02782143 0.02287595 0.02117343 0.02124068 0.01776342 0.01599151
  0.01750176 0.02084692 0.03064342 0.03400118 0.03918383 0.04023568
  0.02305751 0.01287043 0.01328544 0.01276996 0.01399746 0.01305598
  0.01464931 0.01426172 0.00972024 0.00910277 0.00867959 0.00694159
  0.00868093 0.01440414 0.01694241 0.01948528 0.02278742 0.02113825
  0.0166103  0.01934859 0.02352356 0.02561325 0.02305075 0.01224949
  0.00908305 0.01158556 0.02052194 0.01897868 0.0188288  0.01353366
  0.00934212 0.00870993 0.0107034  0.01247645 0.01089671 0.01079959
  0.01109295 0.01042086 0.01099404 0.01348528 0.01272664 0.01165982
  0.01710309 0.02276652 0.02554992 0.02606103 0.02970042 0.02715526
  0.02761129 0.02981394 0.02679254 0.02872177 0.0245749  0.01973993
  0.01909453 0.02054799 0.01999142 0.01894453 0.01776714 0.01706316
  0.01862661 0.01668853 0.01210297 0.00959495 0.01093801 0.01165741
  0.01251127 0.01228883 0.01150325 0.0138892  0.0146376  0.01485966
  0.01597563 0.0122532  0.01143488 0.01212282 0.01297375 0.01500054
  0.01693549 0.02140513 0.02016344 0.01931171 0.0192024  0.01881324
  0.02332237 0.02408078 0.02743191 0.04173468 0.0476934  0.04382589
  0.0378062  0.03388844 0.0182585  0.0108724  0.00994662 0.00757219
  0.00855963 0.00931003 0.01187388 0.0130336  0.01316468 0.01221595
  0.03293656 0.04658288]]","[[ 2.75739410e-02  5.38251286e-02  6.59774548e-02 ...  7.58729675e-02
   6.04996985e-02  2.03256000e-02]
 [ 4.31731162e-02  4.71231122e-02  7.49093383e-02 ...  8.85910709e-03
  -3.23828535e-02  4.67930560e-02]
 [ 8.39504227e-03  2.69870460e-02  4.02363278e-02 ...  3.21399048e-02
   1.53175481e-02 -4.29588296e-02]
 [ 8.83741826e-02  7.79137872e-02  4.93817776e-02 ...  6.76230900e-02
   5.05390577e-02  7.60588422e-03]
 [-7.03059092e-03 -6.78920694e-05  1.98978705e-03 ...  2.08711171e-03
  -1.85448330e-02 -2.57343027e-02]
 [ 2.64150836e-02  5.21327369e-03  1.58250611e-03 ... -1.49906529e-02
  -1.73406471e-02 -8.23912676e-03]]"
